[{"id": 1011, "prefix": "ELIZABETH (CONT'D) Hand it over. The Burnouts' eyes all go wide and they freeze. One of the burnouts hands her the joint. ELIZABETH (CONT'D) Everything. The kids look at each other and then pull out a bag with a couple of joints. They hand it over to Elizabeth. ELIZABETH (CONT'D) This was a warning. Next time, I don't call the principal. I call the cops. ", "truth": "Elizabeth walks to her brand new MERCEDES. She gets in, pulls out a joint and lights it. She takes a huge TOKE, and then PEELS out of the lot. She tosses her banker's box out the window and extends her hand, giving the school THE FINGER. \nELIZABETH (O.S.) Woo-hoo! A couple students look at her strangely. \nANGLE ON The dim-looking kid that had Elizabeth sign his yearbook. He flips to the faculty section, and by the picture of Elizabeth is her message: \"YOU ARE ILLITERATE!\" \nDIM-LOOKING KID (struggling to read) You are... Illit... Illit... Elizabeth's car comes barrelling toward him and nearly hits him. She accelerates into the speed bumps, almost hitting the JANITOR from the opening shot, who's changing the plastic letters to read, \"HAVE A GREAT SUMMER!\" \nJANITOR Slow down! \nCHYRON: BAD TEACHER \nEXT. TOWNHOUSE NIGHT \nA Mercedes with the vanity plate \"HIS\" is parked in the driveway of an upscale neighborhood. Elizabeth's matching Mercedes pulls into the adjacent spot. Her license plate reads \"HERS.\" \nINT. TOWNHOUSE - NIGHT \nA bachelor pad. Top of the line electronics. Lots of black leather furniture. Tacky, but expensive. Elizabeth pours two glasses of wine and takes a long sip. \nELIZABETH \n(CALLING) Baby Doll? \nMARK (O.S.) Coming! MARK, early 30s, exits the bedroom in his underwear. He's shaved his head to avoid signs of early balding and is also a full four inches shorter than Elizabeth. Thankfully for him, he has money. \nMARK (CONT'D) \n(ANXIOUS) Hey! That was a quick party. Elizabeth kisses Mark on the top of his head and hands him a glass. \nELIZABETH Yeah. You should have seen it. What a joke. She raises her glass for a toast. He raises his. \nELIZABETH (CONT'D) Here's to me never having to work again. And I owe it all to you, Lover. Elizabeth takes a big sip. \nELIZABETH (CONT'D) \n(FLIRTATIOUS) So I made a reservation at Ruth's Chris, and then I booked us a suite at the Drake, and I thought we could finish the night in \"anal alley.\" Hmm? Something drops in the bedroom. Mark, alarmed, turns towards the door. Elizabeth brushes past him into -- \nINT. TOWNHOUSE - BEDROOM - CONTINUOUS \nElizabeth enters to find -- NOTHING. Mark follows her in. \nElizabeth looks around -- under the bed, in the closet, behind the door. \nMARK See? Nothing. Just then, the wooden chest at the foot of the bed SNEEZES. Elizabeth opens the latch to find SHEILA, 23, dressed only in a thong, scrunched in the fetal position. She stands, revealing LARGE FAKE BREASTS, and steps out of the chest. \nELIZABETH \n(TO MARK) Motherfucker! \nELIZABETH How could you do this to me?! I'm sorry. \nELIZABETH You are buying me the biggest pair of yellow diamond earrings they make! I'm talking serious blood diamonds. Sheila SNEEZES again. Bless you. \nELIZABETH \n(TO SHEILA) Get out of my house, bitch! \nMARK Don't talk to her like that. \nELIZABETH Excuse me? I love her. Mark puts his arm around Sheila. Elizabeth eyes Sheila's large breasts. \nELIZABETH You love her? She's a hooker. \nMARK SHEILA She's not a hooker. I dance. Elizabeth takes a deep breath. \nELIZABETH (CONT'D) \n", "random": "INT. DAN'S OFFICE - DAY \nA beat later. \nELIZABETH (V.O.) That was a joke. \nINT. DAN'S BEDROOM - DAY \nDAN enters and starts washing. \nDAN Hey, you guys are all weird. \nELIZABETH (V.O.) Don't worry, I'm working. \nDAN What are you doing? \nELIZ", "sentiment": "INT. SKELETON LOUNGE - DAY \nThe room is packed. The kids are playing, and Elizabeth, who is in her fifties, is having a hard time with the kids. \nELIZABETH (V.O.) I've been a teacher for fifteen years. I've never been to a state school. It's like a dream come true. \nINT. BEDROOM - DAY \nElizabeth is in bed, looking at"}, {"id": 1012, "prefix": "ELIZABETH Ugh. No. Elizabeth heads out. Lynn, still blotting, follows her. INT. JOHN ADAMS MIDDLE SCHOOL - HALLWAY - CONTINUOUS Elizabeth and Lynn bump into Scott. ", "truth": "ELIZABETH Um, yes! That sounds like a party. (then, to Lynn) Lynn, do you want to come? \nLYNN Yes. \nSCOTT We'll all grab a drink! \nELIZABETH Great. I need to get drunk. I mean, not drunk drunk. But a strong buzz. Still be able to drive home. \nSCOTT (high fives her) Now we're cooking with grease! \nCUT TO: \nEXT. IN CAHOOTS BAR & GRILL - NIGHT \nWe hear the familiar riff of Shawn Mullin's \"Lullaby.\" \nCUT TO: \nINT. IN CAHOOTS BAR & GRILL - NIGHT - CONTINUOUS \nScott, Sandy (with his hair down), a BALDING BASS PLAYER with a yarmulke and a HEAVY-SET DRUMMER, are playing their hearts out. This is PERIOD 5. \nAmy, and a couple other teachers are front and_center, grooving to the music. Amy sways with her eyes closed. \nSANDY \n(SINGING) Everything's gonna be alright / rockabye... Scott joins in, harmonizing. \nSCOTT Rockabye, rockabye... \nSANDY SCOTT Bye, bye... Bye, bye... \nANGLE ON Elizabeth and Lynn at the bar. \nLYNN Aren't they terrific? Elizabeth eye-fucks Scott. She catches his eye and he quickly smiles before nervously turning his attention to Amy. Elizabeth watches Amy dance in SLO M0, her BREASTS bouncing up and down. \nELIZABETH (staring at Amy's breasts) They're perfect. \nLYNN You should hear some of their originals. She turns to the bartender. \nELIZABETH Two more. (then, to Lynn) You want anything? \nLYNN No thanks... You know, I was thinking that if you still need that money, you should.try and go for the bonus. Can't hurt. \nELIZABETH What bonus? \nLYNN For the state test. (off Elizabeth's look) \n(MORE) \nLYNN (CONT'D) Whichever teacher has the highest scoring class gets a bonus. We talk about it all the time in the faculty meetings. \nELIZABETH How much? \nLYNN $5700. Could be good, right? \n(THEN) Let's dance! Lynn runs out onto the dance floor and joins Amy. \nDRUMMER \n(COUNTING OFF) \nSANDY \n(SINGING \"SMOOTH\") Man it's a hot one / like seven inches from the midday sun... Amy kicks her shoes off, and starts dancing. Lynn follows suit. Elizabeth throws back her drink and exits. \nCUT TO: \n", "random": "LAURIE Elizabeth, what's the problem? \nSCOTT (O.S.) The real problem! \nELIZABETH (O.S.) Hey, I'm Luther. \nELIZABETH (O.S.) (CONT'D) You're not Luther. \nSCOTT (O.S.) So what's your problem? \nELIZABETH (O.S.) I'm not the problem. \nSCOTT (O", "sentiment": "ELIZABETH (CONT'D) I'm Elizabeth. \nSCOTT (O.S.) You're too smart, aren't you? \nELIZABETH (CONT'D) I'm Scott. \nSCOTT (O.S.) I'm not smart. \nELIZABETH (O.S.) (CONT'D) I'm not smart. \nSCOTT (O.S.) (CONT'D) I'm not smart"}, {"id": 1013, "prefix": "EXT. JOHN ADAMS MIDDLE SCHOOL - TEACHER PARKING LOT - DAY A LUXURY BUS idles curbside. Parents see off their kids. Scott and Elizabeth are checking kids in. Principal Snur walks up. PRINCIPAL SNUR All set? ", "truth": "PRINCIPAL SNUR Elizabeth, thanks again for hopping in last minute. You really saved us. \nELIZABETH Is Amy going to be okay? \nPRINCIPAL SNUR She'll be fine. But to be honest, I think she was scaring some of the kids. \nELIZABETH I bet, I bet. Well, let her know she's in my thoughts. \nANGLE ON Amy watching from outside her car. One side of her face is completely blistered, scaly and red from the POISON IVY. The kids have every reason to be scared by her. She gets into her car and slams the door. \nAMY (banging on steering wheel) Fudge! Fudge! Fudge! Fuuuuuck--dge! \nINT. LUXURY BUS - DAY \nKids sing BUS SONGS. Elizabeth and Scott sit up front. \nKIDS \n(SINGING) Hey, Sasha! Hey, Sasha! \nSASHA I think I hear it again! \nKIDS You're wanted on the telephone! \nSASHA \n(POINTING) If it's not Chase, then I'm not home! Chase rolls her eyes. Up front, Scott and Elizabeth sit next to one another and share ipod buds. \nELIZABETH (nodding to the beat) You guys are amazing. Period 5 is definitely going to make it. Scott smiles wide. Garrett walks up the aisle. He looks at Elizabeth, then turns to Scott. \nGARRETT Mr. Delacourte, do you think we could go to the poetry museum? \nSCOTT Oh, um, I don't know, Champ, um -- Scott looks to Elizabeth, like \"please help.\" \nELIZABETH (to Garrett, supersweet) Oh, honey, I bet everyone would just love to walk around and look at all the poetry on the walls, but unfortunately, the itinerary's really tight. \nGARRETT Why are you talking like that? \nELIZABETH Just go sit down, sweetie. Garrett gives her an annoyed look and then heads back to his seat. Scott smiles at Elizabeth. \nSCOTT Wow, you are such a natural. \nELIZABETH When you love what you do, it comes easy. \nINT. JOHN ADAMS MIDDLE SCHOOL - HALLWAY - NIGHT \nA splotchy-faced Amy trudges down the hallway. She passes Elizabeth's room, stops, walks back to the door and peers in. She looks down the hallway -- it's empty. \nINT. ELIZABETH'S CLASSROOM - CONTINUOUS \nAmy rifles through Elizabeth's desk. She opens the top drawer. Just pens and paper. She tries the bottom drawer. Locked. Shishkebabs! \nINT. EMPTY HALLWAY - MOMENTS LATER \nAmy drags ELIZABETH'S DESK across the hallway into her room. It's a slow, difficult and loud process. \nINT. EMPTY HALLWAY - LATER \nAmy, sweating, now drags HER OWN DESK across the.hallway into Elizabeth's room. She stops to catch her breath. \nCUT TO: \nINT. AMY'S CLASSROOM - THE NEXT DAY \nAmy watches as the MAINTENANCE GUY sorts through his keys and tries to unlocks the desk. \nAMY (nervous, too loud) I never lose my keys! \n", "random": "TEVEN (CONT'D) No. \nPRINCIPAL SNUR I'll be in the parking lot. \nSTEVEN What? \nPRINCIPAL SNUR We're not at school. \nSTEVEN I'm not going to be late for my class. \nPRINCIPAL SNUR (STILL KISSED) I'm sorry. \nSTEVEN What? \nPRINCIPAL SNUR I'm", "sentiment": "PRINGTON My dad taught me at the aquarium. \nELLY (pissed off, not kidding) Morrison, is he a real big fan of you? \nSPRINGTON She's a big girl. \nELIZABETH Yeah, who says that to your kid? \nSPRINGTON I wanna come on over. \nELLY This is so amazing. \nELIZABETH Jen, Rachel, Ryan, and I are going to San"}]