[{"id": 54, "prefix": "EXT. SHIPYARD - PRE DAWN Dark. Eerie and desolate. The car arrives. Jesse steps out and disappears into the shadows of a towering crane. On the jetty, a nondescript MAN stands alone against the calm Mississippi. His back is to us. ", "truth": "MAN'S VOICE How's your family? \nWe realize now...It's Bud. \nJESSE Let's get somethin' straight. I ain't here 'cause I'm scared. I done what I did, 'cause certain people crossed the line. They didn't keep their word. \nBUD Well my word counts. \nThey stand together, facing the liquid horizon... \nBUD I want a body, Jesse. \nJESSE How many you want? \nBud finally looks at Jesse. \nEXT. BORROW PITS - DAWN \nA swamp area used as a mud retrieval source for the levy. Amite River. FOG OBSCURES NEARLY EVERYTHING. \nJesse slowly emerges... Then Bud and Metro, on all sides, MAG- LIGHTS, FLAK JACKETS and SHOTGUNS. A DUFFEL BAG of SHOVELS. \nThe sounds of the swamp are terrifying. Herons and bobcats. Boots hitting water. The buzz of a million mosquitos. \nSUDDENLY A RUSHING SOUND -- An ALLIGATOR shoves off the mire. \nCOBB 'The fuck is that? \nCobb's light catches the tail whipping into the swamp. \nBUD Yard dog. Relax. \nSHEPARD Where's this motherfucker taking us? \nJesse suddenly STOPS. LISTENS. BREATHES. Bud and Metro stare. \nJESSE (directly to Bud) Dig here. \nMetro exchanges looks, ANXIOUS. Bud nods \"okay\". \nTIMECUT: \nEXT. JESSE'S BORROW PIT \nMetro engulfed in fog. Picks and shovels rise and fall. \nMARANDINO Bud! We hit something! \nBud excitedly descends the pit to scrape gravel from metal. \nBUD Clear it off! Come on, find the edges! \nJesse watches as a pair of STEEL DRUMS emerge. \nINT. STATE POLICE AUTOPSY ROOM - MID MORNING \nThe \"cold room\". Bud and Braddock watch as two PATHOLOGISTS hose down the drums. The stench is horrible. \nBRADDOCK How long they been down there? \nBUD Jesse tells me six months. \nBRADDOCK Six months? Bud, they're biodegraded by now. Fuckin' worm food. \nBUD We'll get an ID. Remember, we got the guy who put 'em there. \nBLOW TORCHES ROAR as Pathologists burn through the drums. \nSparks fly. The lids CRASH. Swamp water floods out... And immersed within: two sore-covered, DECOMPOSING BODIES. \nThe room recoils from the fumes. \nINT. KITCHEN, JESSE'S HOUSE - DAY \nLynn is putting dishes away. The baby nearby, sleeps quietly in a swing. Lynn gazes out the window... \nEXT. DRIVEWAY, JESSE'S HOUSE \nJesse is under the hood of his truck, fixing the engine... When a '71 Mustang, white-on-white, roars up the street. \nJesse glances over as the car pulls alongside the driveway. It's CATFISH, at the wheel. A wolfish grin. \nCATFISH 'Bout time to get a new truck there, Jesse. \nJesse tightens a nut with a torque wrench, says nothing. \nCATFISH Good to see you out. A free man now. \nJESSE What's goin' on, 'Fish? \nCATFISH On a Sunday drive, that's all. The good Lord ridin' shotgun, through another glorious Louisiana mornin'. \nJesse EYES his .45 atop the engine block, within reach. \nCATFISH Say, Jesse... Lucian's askin' about you. Fact, a lot of people are. \nJesse stays on the engine, never turns around. \n", "random": "UCAS - STREET. \nLUCAS (to Jesse) I believe we've cleared that. We've got a target. We've got a shot at the government. We're going to get that shot. \nJESSE What's the deal? \nLINCOL (to Jesse) I'm going to need a hard-shell shot. \nJESSE (to Jesse) We need light. \nLINCOL (to Jesse) I'll", "sentiment": "OUDER BIDEN How do I get you? \nLOUDER BIDEN You don't know! \nLOUDER BIDEN So tell me, you never said anything about taking a job. \nLOUDER BIDEN My damn job. And I know what I'm talking about. In fact, I just never said anything about it, ever. Can you tell me? \nLOUDER BIDEN (coldly) No."}, {"id": 55, "prefix": "...When Lucian's smile suddenly drops. There's a flash of controlled anger across his face; and WE FEEL a curtain of tension fall heavily on the room. LUCIAN Jesse... With all the work you been doin': Diamonds. Emeralds. A dozen safe jobs, behind my back... (predatory) Where's the tribute to the greater cause? Jesse he pulls from his pocket, a tiny pouch. Sets it on the desk... ", "truth": "JESSE Like I said, I just needed time. \nLucian approaches the desk, opens the pouch: DIAMONDS and EMERALDS... A slow smile spreads across his face. \nLUCIAN Well, even prophets stumble once in a while. \nLucian embraces Jesse. Tight. Then, softly in his ear: \nLUCIAN It's a shame about your brother. \nAs they part, their eyes meet. Something passes between them... \nI/E. JESSE'S TRUCK, TRAVELING - BACK ROAD - NIGHT \nJesse at the wheel, glances nervously in the rearview. Lynn in the passenger seat, baby in her lap. They're driving under the cover of darkness... \nLYNN I don't understand. Why do we have to leave the state? You're not tellin' me something. You're not tellin' me a lot. \nJESSE It ain't safe here no more. You wanted out? This is out. \nCUT TO: \nEXT. PRIVATE AIRSTRIP - NIGHT \nMarandino looks through BINOCULARS: As an electric fence slides back. Jesse's truck approaches, drives through. \nEXT. RUNWAY - NIGHT \nA twin-engine PLANE idylls. Lines of blue lights, strobe like rivers, air traffic above... And Bud, leaning against a nearby car with Shepard and Cobb. \nJesse helps Lynn and the baby from his truck. Together, they walk toward the plane... \nBud, watching from a distance, nods to Lynn. \nOUTSIDE THE PLANE \nJesse and Lynn stare at each other. She's crying as he pulls her close, one arm around the baby. He says something to them we cannot hear... \nThen with the baby, Lynn boards her plane. An AGENT shuts the door. The engine SCREAMS to life, taking off... \nJesse turns to shield his face. Lights STROBE and BLAST... Then, ABRUPT DARKNESS AND SILENCE... \nON JESSE \nnow alone on the tarmac. Bud approaches; then... \nJESSE Lucian took the stones. Talked about jobs. High-end, boxcar. \nBUD Your family's safe now. (beat) Let's go to work. \nCUT TO: \nINT. JEWELRY STORE BASEMENT - NIGHT \nSeveral AB SOLDIERS stand watch as Jesse pushes a heavy, 10\" drill through a jeweler's vault door... Jesse throws tumbler and relock mechanisms aside, reaches in... jewels, gems. \nEXT. PARKING LOT - BETWEEN CARS - NIGHT \nBud and Jesse parked next to each other, trading info. \nE/I. VARIOUS HIDEOUTS - NIGHT \nAB counterfeiting bills... Printing press and metal plates... Hands stain bills with coffee grounds and cigarettes, then industrial dryers... Jesse at a table behind tall stacks of cash, inspecting, approving... \nINT. UNDERGROUND GARAGE - NIGHT \nBud with Jesse. Info, names and written amounts. \nINSERTS: HANDS file serial numbers off guns... HANDS building silencers... loading guns in suitcases below false bottoms... \nEXT. PAY PHONES - NIGHT \nJesse on the line... Bud on the other end, taking notes... \nINT. GARAGE - NIGHT \nAB Soldiers unload crates from trucks, \"Chrysler Corp.\"... \"Remington Firearms\"... Antique furniture... Machinery... \nINSERT: A MONEY MACHINE counts large denominations of cash. \nEXT. BELOW AN OVERPASS - NIGHT \nParked under the interstate. Bud looks over Jesse's info. \nEXT. NEW ORLEANS PORT - NIGHT \nA large fishing boat arrives. Numerous Fisherman load marlin onto refrigerated trucks... Catfish, Buzz, numerous AB start up the trucks... Jesse hands the Head Fisherman a canvas bag of cash... \nPULL BACK to reveal Shepard, Cobb and Marandino on the roof of a neighboring port, snapping photos. Taking notes. \nE/I. ISOLATED BARN - NIGHT \nTrucks arrive. AB bring the marlin inside... Atop a crate, Jesse slices a marlin open, revealing kilos of cocaine. More marlins are cut. More cocaine. \nINT. METRO OFFICE - DAY \nBud on the typewriter, hammering out Jesse's contacts and movements. Files piling on his desk. \n", "random": "\u4ee5:\nJULIE, I've got the... HOLD the... \u4ee5\u4ed8\u4ee5:\nJULIE... \u4ee5\u4e2d \u4ee5\u91cc. \u4ee5\u6211\u6709\u53d7S. \u4ee5\u6211\u6709\u53d7S. \u4ee5\u6211\u6709\u53d7S. \u4ee5\u5c3c\u4ee5\u4e00\u4eec\u7f0f\u7a81. \u4ee5\u592a\ufffd", "sentiment": "------------- Ian... Blind 5'8\". Right behind us... Where's his pay? He pulls out a note and tosses it onto the table. As we figure out a format for... We're getting ready to leave... Emilio... What does the hell he think acid is for? #62-ND  The Railroad Headquarters in Brooklyn is built in part on forest and rock, sloping passages. Estimated just over four feet high. As we get higher, we notice millimeter-floor walls"}, {"id": 56, "prefix": "EXT. DECATUR AVENUE - NIGHT Bingham, Kay, Mills and two Soldiers start toward the CAFE. COBB V.O. (radio filter) Marandino, they comin' your way. ", "truth": "INT. HOTEL ROOM - NIGHT \nBud throws down his binoculars and takes up a .50 CALIBER BURROWS RIFLE, lays an eye on the SCOPE. \nBUD'S POV THROUGH THE SCOPE (MAGNIFIED): the cross-hairs find Kay and Bingham moving toward Marandino... \nBUD (into radio) Got 'em. \nEXT. CAFE - NIGHT \nThe crew of men getting closer now, a few yards away... \nMarandino - heart racing - slides his Browning 9MM out and slips it onto the table, below his napkin, aims... \n...When the crew abruptly turns and enters the cafe. Marandino exhales relief... \nINT. HOTEL ROOM - NIGHT \nMARANDINO V.O. (radio filter) They're inside. \nBud sits back. Then: \nKIERSEY'S PAGER BUZZES AGAIN. (The cafe number) \nBUD (grabs phone, to Braddock) Mike, I need Kiersey to place a call. Five minutes, or this opportunity's gone. \nBRADDOCK (into phone) Give me the number... \nINT. CAFE - NIGHT - MINUTES LATER \nBingham, Kay and Mills at a booth, sipping coffee. Two Soldiers guard the front and back doors. \nMills looks at Jacket, who waits by the pay-phone. Both noticeably on edge. Finally -- \nThe PAY-PHONE RINGS. \nMILLS (to Kay + Bingham) Excuse me. \nHe gets up, walks toward the phone. When Jacket answers, Mills takes the receiver from him. \nMILLS (into phone) Yeah... \nINT. HALLWAY PHONE, EAST BATON ROUGE PARISH PRECINCT \nA nervous Kiersey on the line. Braddock, Policemen nearby. \nMILLS V.O. (over phone) We've been pagin' you over two hours. Where the fuck you been? \nKIERSEY I apologize. I've been tooth and nail with the D.A., in court, all day. \nMILLS V.O. Everything good? \nKIERSEY Everything's fine. Just lay low. Regular time tomorrow. \nMills hangs up. \nKiersey turns. Pale. To Braddock: \nKIERSEY Now get me protection. \nINT. CAFE - NIGHT \nMills returns to the booth. Kay and Bingham look at him. \nBINGHAM So? \nMILLS All good. Let's eat. \nEXT. CAFE - NIGHT \nMarandino watches as Bingham, Kay and Mills pull their coats on and exit the cafe... \nMARANDINO (into transmitter) Call went down. \nINT. HOTEL - NIGHT \nBUD'S POV THROUGH THE SCOPE: watching as Bingham, Kay and Mills enter Tibedaux's Tavern. \nMARANDINO V.O. (filter) Entering Tibedaux's Tavern... \nINT. TIBEDAUX'S TAVERN - NIGHT \nA busy nightclub crowded wall-to-wall with PATRONS. \nFOLLOW Kay, Bingham and Mills, passing tables, greeting \"connected\" types... and through a far door into a back room. \nEXT. CHARTRES + ESPLANADE - NIGHT \nFOLLOW Marandino as he walks down the street, knocks on the back of the Van. \nINT. COBB'S VAN - NIGHT \nCobb, now dressed in evening attire, throws open the door and Marandino climbs in. They exchange transmitter for headset and Cobb leaves the van for the street... \nEXT. TIBEDAUX'S - NIGHT \nCobb approaches the front door, where a pair of large DOORMEN stand. \n", "random": "----------- MARANDINO (sticking his nose) You've got two problems. We have a problem. ------------- MARANDINO (coolly) We have a problem. That's why we're here. ------------- MARANDINO (into radio) We have a problem. We need to make some arrangements. We need to make a quick change. ------------- MARANDINO (to Harrison) You got business cards? ------------- MARANDINO (to Harrison) Six hundred dollars. (to", "sentiment": "ills, Mills, and the Soldiers follow. \nINT. MARANDINO'S ROOM - NIGHT \nBingham, Mills, and the Soldiers enter the room. \nINT. MARANDINO'S ROOM - NIGHT \nBingham, Mills, and the Soldiers enter the room. \nINT. MARANDINO'S ROOM - NIGHT \nBingham, Mills, and the Soldiers enter the room. \nINT. MARANDINO'"}]