[{"id": 1455, "prefix": "CRAIG Dr. Lester, I don't know what you're talking about. LESTER There are rules, boy, procedures, etiquette. This is not a toy. I've been waiting seventy years to utilize this room, grooming myself, quietly setting the stage, performing ablutions, paying tribute, seeing all his motion pictures again and again. Worshipping, Schwartz, worshipping properly. CRAIG You're insane. ", "truth": "Lester exits. Craig looks at Maxine. There is a moment of tension. Finally: \nMAXINE Crackpot. \nCraig opens the door. The first few fat people move noisily into the room. \nCUT TO: \nINT. DR. LESTER'S ALTAT ROOM - NIGHT \nMany cloaked people in the room kneeling with candles in hand before the lit photo of Malkovich. Lotte kneels in the back row. They chant: \nDISCIPLES OF MALKOVICH How much do we love you? We loved you in \"Making Mr. Right.\"  That is how much we love you. We even own the director's cut on laser disc. Please accept us into your head as we have accepted you into our hearts. Please let us be you. Amen. \nCUT TO: \nINT. LESTER'S DINING ROOM - A BIT LATER \nThe worshippers mill about, chatting, drinking coffee, nibbling on cookies. \nLESTER May I have your attention, please. We have a new disciple among us tonight. \nDISCIPLES OF MALKOVICH Hallelujah. \nLESTER She is the wife of Schwartz. \nA stunned hush falls over the group. \nLOTTE (apologetically) I'm getting divorced. \nLESTER No you mustn't, my child. \nLOTTE But why, Son of Malkovich? \nLESTER We need you on the inside, my child. To report on his comings and goings, and if need be, to... destroy him... (hands Lotte a gun) ...for lack of a better word. \nCUT TO: \nINT. CRAIG AND LOTTE'S LIVING ROOM - NIGHT \nCraig is putting stuff in boxes. Lotte enters in her cloak. \nLOTTE What are you doing? \nCRAIG I'm moving. Remember? What's with the hooded cloak? \nLOTTE Nothing. Don't go, Craig. I've been thinking. Let's try to work this out. We've got so much history. \nCRAIG (still packing) You should feed your animals. They're looking peaked. \nLOTTE I'm getting rid of the fucking animals. \nCRAIG What? \nLOTTE I'm getting rid of the animals. I've lost interest. Besides, they're standing between you and me. \nCRAIG No they're not. \nLOTTE You've always hated the animals. \nCRAIG You've always loved the animals. \nLOTTE I'm giving them up. I've changed. I've found a new focus. \nCRAIG What's that? \nLOTTE (beat) Us, of course. \nCraig looks up from his packing. He and Lotte stare at each other for a long while. \nCRAIG (tenderly) Oh, Lot... \nThey hug. \nCRAIG (CONT'D) What about Maxine? \nLOTTE Fuck Maxine. \nCRAIG We wish. \n", "random": "\nLester looks at him. \nLESTER I'm so sorry. \nLester runs out the door. \nEXT. VILLAGE - DAY \nLester leads a group of children in a shopping cart. They are led up the stairs by an enthusiastic, reserved teacher. The children sing along as the teacher plays the music. \nINT. LESTER'S CLASSROOM - DAY \nLester is seated on a desk with a small newspaper", "sentiment": "\nLester looks at him for a moment, then basks in the shade. \nLESTER Susan? CAROL You're no good Mr. Dorsey, aren't you? W heh he h oosers. CAROL I'm not here to preside over the death of our species. I'm here to hold it in readiness. W heh heh heh heh. CAROL And now, really, you might say, more than any sane being could"}, {"id": 1456, "prefix": "MAXINE Oh, my sweet, beautiful Lotte. MALKOVICH (thinks he's playing along) Yes, Maxine, yes. LOTTE (V.O.) This is too good to be true. ", "truth": "INT. CRAIG AND LOTTE'S BEDROOM - NIGHT \nA sweaty and spent Craig sneaks back into the bedroom. He sees that the bed is empty. \nCUT TO: \nEXT. DITCH - NIGHT \nWith a gasp and a wail of release, Lotte pops into the ditch. She is soaking wet and breathes heavily. She just lies there. \nCUT TO: \nINT. CRAIG AND LOTTE'S KITCHEN - MORNING \nCraig is hunched over a cup of coffee. The front door can be heard to open. After a moment Lotte appears in the kitchen doorway. She is caked with dirt. Craig looks up at her. \nCRAIG You were him last night, weren't you? \nLOTTE (quietly) Yes. \nCRAIG And he was with her. \nLOTTE We love her, Craig. I'm sorry. \nCRAIG We? \nLOTTE Me and John. \nCRAIG Don't forget me. \nLOTTE Well, you have the Maxine action figure to play with. \nCraig looks down at his coffee. \nLOTTE (CONT'D) I'm sorry. That was nasty. \nCRAIG Life is confusing, isn't it? \nLOTTE Sometimes we're forced to make hard decisions. (beat) I'd like for us to stay together, Craig. You know, platonically, if that's possible. I truly value our friendship. \nCRAIG I feel that somehow my parents never prepared me to make this particular decision. Not that I blame them. How could they know? Today's world is so complicated. (beat) No. I have to go away now. I'm sorry, Lotte. I'm so sorry. \nCUT TO: \nINT. CRAIG AND MAXINE'S OFFICE - MORNING \nCraig enters with red-rimmed eyes. Maxine sits at her desk, actually looking kind of radiant. \nMAXINE You're late. \nCRAIG Are you torturing me on purpose? \nMAXINE (matter of fact) I've fallen in love. \nCRAIG I don't think so. I've fallen in love. This is what people who've fallen in love look like. \nMAXINE You picked the unrequited variety. Very bad for the skin. \nCRAIG You're evil, Maxine. \nMAXINE Do you have any idea what its like to have two people look at you with total lust and devotion through the same pair of eyes? No I don't suppose you would. It's quite a thrill, Craig. \nCraig turns and walks out the door. \nCUT TO: \nINT. HALLWAY 7 1/2 FLOOR - CONTINUOUS \nCraig hurries past a long line of fat people, all looking eager, all clutching cash. \nCUT TO: \nINT. LESTER'S OFFICE - MORNING \nLester sits at his desk. The intercom buzzes. \nLESTER (depressing switch) Yes, my dear? \nFLORIS (O.S.) (intercom voice) Someone names A Lot of Warts on line two. \n", "random": "ALKOVICH (V.O.) And now, I'm sure of it. ELIZABETH (V.O.) Yes, Maxine, it's true. LOTTE The reason I'm here is because I've been watching your little sister and I'm not convinced she's going to be happy. MALKOVICH (V.O.) Yes, Maxine, it's true. Lotte is actually a great girl. MALKOVICH (V.O.)", "sentiment": "he room is a mess. Maxine sits on a sofa, her head in her hands. There is a small sound in the room. \nMAXINE (V.O.) What is it? (beat) It's very, very important. \nMALKOVICH (V.O.) It is a very important thing. \nMAXINE (V.O.) It's very important that you don't have a baby. \nMALKOVICH (V."}, {"id": 1457, "prefix": "FAT MAN You get to be John Malkovich for fifteen minutes. Two hundred clams. MALKOVICH (quietly flipped) I see. FAT MAN No cutting, by the way. ", "truth": "FAT MAN (CONT'D) No cutting! \nSeveral fat people jump on Malkovich, and start beating him. Craig steps out of the office. \nCRAIG Hey! Break it up! Break it up! Everybody gets a chance to be... \nThe fat people climb off Malkovich. His glasses and cap have been knocked off and everyone recognizes him. \nFAT MAN It's him! Oh, we're so sorry Mr. Malkovich! I hope me and my associates from Overeaters Anonymous didn't hurt you too terribly. \nMALKOVICH (to Craig) Inside. \nCUT TO: \nINT. CRAIG AND MAXINE'S OFFICE - CONTINUOUS \nCraig and Malkovich enter. Maxine looks up, startled, but controlling it. \nMAXINE Darling! \nMALKOVICH What the fuck is going on? \nCRAIG Mr. Malkovich, my name is Craig Schwartz. I can explain. We operate a little business her that... simulates, for our clientele, the experience of... being you, actually. \nMALKOVICH Simulates? \nCRAIG Sure, after a fashion. \nMALKOVICH Let me try. \nCRAIG You? Why I'm sure it would pale in comparison to the actual experience. \nMALKOVICH Let me try! \nMAXINE Let him try. \nCRAIG Of course, right this way, Mr. Malkovich. Compliments of the house. \nCraig ushers Malkovich to the portal door, opens it. \nMALKOVICH (repulsed by the slime) Jesus. \nMalkovich climbs in. The door closes. \nCRAIG What happens when a man climbs through his own portal? \nMAXINE (shrugs) How the hell would I know? I wasn't a philosophy major. \nCUT TO: \nINT. MEMBRANOUS TUNNEL - DAY \nMalkovich crawls through. It's murky. He's tense. Suddenly there is a slurping sound. \nCUT TO: \nPSYCHEDELIC MONTAGE \nWe see Malkovich hurtling through different environments. It's scary: giant toads, swirling eddies of garish, colored lights, naked old people pointing and laughing, black velvet clown paintings. \nCUT TO: \nINT. RESTAURANT - NIGHT \nMalkovich pops into a chair in a swakn night club. He's wearing a tuxedo. The woman across the table from him is also Malkovich, but in a gown. He looks around the restaurant. Everyone is Malkovich in different clothes. Malkovich is panicked. The girl Malkovich across the table looks at him seductively, winks and talks. \nGIRL MALKOVICH Malkovich Malkovich Malkovich Malkovich... \nMalkovich looks confused. The Malkovich waiter approaches, pen and pad in hand, ready to take their orders. \nWAITER MALKOVICH Malkovich Malkovich Malkovich? \nGIRL MALKOVICH Malkovich Malkovich Malkovich Malkovich. \nWAITER MALKOVICH Malkovich Malkovich. (Turning to Malkovich) Malkovich? \nMalkovich looks down at the menu. Every item is \"Malkovich.\" He screams: \nMALKOVICH Malkovich! \n", "random": "\nMALKOVICH (CONT'D) You have been waiting for me to say you got to be John Malkovich for fifteen minutes. \nMALKOVICH (CONT'D) You got to be John Malkovich for fifteen minutes. FAT MAN (mumbling) I see. \nMALKOVICH (CONT'D) You got to be John Malkovich for fifteen minutes. \nMALKOVICH (CONT'D) (softly) I see.", "sentiment": "\nMALKOVICH (to himself) I'm not going to be cut. FAT MAN (to himself) I'm going to be cut. \nMALKOVICH (to himself) I'm not going to be cut. FAT MAN (hurt) I'm not going to be cut. \nMALKOVICH (to himself) I'm not going to be cut. FAT MAN (to himself) I'm not going to be cut. \nMALKOVICH"}]