[{"id": 426, "prefix": "BIANCA Not really. The teacher shakes her head, but lets it go. MANDELLA. a waif-like senior girl who sits off to the side trying to slit her wrist with the plastic spiral on her notebook, looks up and raises her hand. ", "truth": "MANDELLA Uh, yeah, I read it all \nTEACHER The whole play^ \nMANDELIA The whole folio.  All the plays. \nTEACHER (disbelieving) You've read every play by William Shakespeare? \nMANDELLA Haven't you? \nShe raises a challenging eyebrow.  The stunned teacher doesn't answer and goes to call on the next student. \nEXT. SCHOOL COURTYARD - DAY \nMandella and Kat sit down in the quiet corner. They are eating a carton of yogurt with gusto. \nMANDELLA \nYour sister is so amazingly without.  She'll never read him. She has no idea. \nKat attacks \nKAT The fact that you're cutting gym so you can T.A. Sophomore English just to hear his name, is a little without in itself if you ask me. \nKat's attention is caught by Patrick as he walks by with his friends, lighting up a cigarette.  Mandella notices her staring. \nMANDELLA Who's that? \nKAT Patrick Verona   Random skid. \nMANDELLA That's Pat Verona? The one who was gone for a year? I heard he was doing porn movies. \nKAT I'm sure he's completely incapable of doing anything that interesting. \nMANDELLA He always look so \nKAT Block E? \nKat turns back to face Mandella and forces her yogurt into Mandella's hand. \nKAT (continuing) Mandella, eat.  Starving yourself is a very slow way to die. \nMANDELLA Just a little. \nShe eats.  Kat sees her wrist \nKAT What's this? \nMANDELLA An attempted slit. \nKat stares at her, expressionless. \nKAT I realize that the men of this fine institution are severely lacking, but killing yourself so you can be with William Shakespeare is beyond the scope of normal teenage obsessions.  You're venturing far past daytime talk show fodder and entering the world of those who need very expensive therapy. \nMANDELLA But imagine the things he'd say during sex. \nThinks a minute \nKAT Okay, say you do it.  You kill yourself, you end up in wherever you end up and he's there.  Do you really think he's gonna wanna dace a ninety pound compulsive who failed volleyball? \nMandella's attention is struck by Bianca \nACROSS THE COURTYARD \nAs she and Chastity parade by Joey and his COHORTS   One of the cohorts elbows Joey. \nCOHORT Virgin alert. \nJoey looks up and smiles at Bianca. \nJOEY Lookin' good, ladies. \nBianca smiles her coyest of smiles. \nBACK TO KAT AND MANDELLA Still watching. \nMANDELLA Tragic. \nDoesn't respond \nANOTHER ANGLE \nMichael and Cameron observe Joey's leers at Bianca from their bench in another corner. Cowboys eating cue of a can of beans linger on the grass behind them. \nCAMERON Why do girls like that always like guys like that? \nMICHAEL Because they're bred to.  Their mothers liked guys like that, and their grandmothers before them. Their gene pool is rarely diluted. \nCAMERON He always have that shit-eating grin? \n", "random": "ANDELLA Oh, you're going to have to do a split second to find out, right? You're also going to have to catch up with MANDELLA. MANDELLA (cont'd) You still have a year to live? Does that mean it's not a real job? You'd go on to be a teacher. The word \"college\" is not a part of that. She's not going to go to college. MANDELLA (cont'd", "sentiment": "MANDELLA You're a really good girl, Mrs. Mandy.  She puts a hand on her and then she goes back to school. She looks out the window and sees a large group of students heading out on their own. MANDELLA (cont'd) I thought you'd come back? (applause) You didn't. I know it's not exactly your fault. But I need to be better. (pause) You want to go home, Mrs."}, {"id": 427, "prefix": "KAT For. . . ? He motions to the SIGN for a paint-ball game. She grins SERIES OF SHOTS: The two of them creep through the paint-ball course, stealthy and full of the desire to best the other. ", "truth": "Patrick returns fire with a big yellow splat to the side of her face. \nKat squirts a green shot to his forehead After a few more shots, they're both covered in paint \nShe tries to shoot him again, only to find that her gun is empty. \nKAT (continuing) Damn it! \nPatrick grabs her in a victorious tackle.  They land, laughing. \nIt's hard to even recognize them, as their hair and faces are so smeared with paint globs, but they still manage to find each other's eyes. \nHe wipes a smear of blue paint away from her lips,  as he goes to kiss her. \nNEARBY The kid with the stuffed animal, points \nKID Look, Mom \nHis mother hurries him away. What's started as a tackle has turned into a passionate kiss \nEXT. STRATFORD HOUSE - NIGHT \nPatrick pulls up in Kat's driveway.  Their paint wardrobe has dried by now and they look like refugees from some strange, yet colorful, war. \nKAT State trooper? \nPATRICK Fallacy. \nKAT The duck? \nPATRICK Hearsay. \nKAT I know the porn career's a lie. \nHe shuts off the car and turns to her. \nPATRICK Do you? \nHe kisses her neck.  It tickles.  She laughs. \nKAT Tell me something true. \nPATRICK I hate peas. \nKAT No -- something real.  Something no one else knows. \nPATRICK (in-between kisses) You're sweet.  And sexy.  And completely hot for me. \nKAT What? \nPATRICK No one else knows \nKAT You're amazingly self-assured. Has anyone ever told you that? \nPATRICK Go to the prom with me \nKat's smile disappears. \nKAT Is that a request or a command? \nPATRICK You know what I mean \nKAT No. \nPATRICK No what? \nKAT No, I won't go with you \nPATRICK Why not? \nKAT Because I don't want to. It's a stupid tradition. \nPatrick sits quietly, torn. He can't very well tell her he being paid to take her. \nPATRICK People won't expect you to go... \nKat turns to him, getting angry. \nKAT Why are you doing this? \nKAT All of it -- what's in it for you? \nHe sits silently, not looking at her, confirming her suspicions. \nKAT (continuing) Create a little drama?  Start a new rumor?  What? \nPATRICK So I have to have a motive to be with you? \nKAT You tell me. \n", "random": "~~~~~~~~~~ Sighing, they turn to leave. They're wearing matching sunglasses, socks, and light-up pants. ~~~~~~~~~~ They're sitting at a table, sitting still. ~~~~~~~~~~ They sit at the table, staring at each other, with a hint of fear in their eyes. ~~~~~~~~~~ They're not looking at each other. ~~~~~~~~~~ A cold, ragged look hangs over them. ~~~~~~~~~~ They're not looking at each other. ~~~~~~~~~~ A", "sentiment": "______________________________________________ COMMENTS\n\nThe word 'friend' literally means 'sick' or 'insensitive' or 'dissatisfied'. If you're one of those people, just try to imagine that. You know, the person who has a problem with you. In this case, they're an incredibly awkward person.\n\nNo big deal. He's getting one.\n\nShe nods. \"You're a good friend.\"\n\nThat's it. You're a loser"}, {"id": 428, "prefix": "KAT Really?  What was it like?  A down payment now, then a bonus for sleeping with me? PATRICK I didn't care about the money. He catches up to her now ", "truth": "She turns to face him with a countenance more in sorrow than in anger. \nKAT You are so not what I thought you were. \nHe grabs her and kisses her to shut her up.  After a second, she jerks away and flees down the stairs and out of sight. \nBianca stands at the top of the stairs, watching.  She's never looked more guilty. \nINT. STRATFORD HOUSE - DAY \nKat is sprawled on the couch in sweats, wrapped in a blanket, watching \"Sixteen Candles\".  When Molly Ringwald leans across the birthday cake to get a kiss from her dream date, Kat changes the channel disgustedly, settling for an infomercial \nThe phone sits next to her.  Not ringing.  Bianca breezes in, bearing a cup of tea. \nBIANCA Are you sure you don't want to come with us?  It'll be fun. \nKat takes the tea and gives a weak smile. \nKAT I ' m sure . \nBianca sits down next to her \nBIANCA You looked beautiful last night, you know. \nKAT So did you \nBianca gives her a squeeze, then jumps up when the DOORBELL rings, opening the door to a waiting Cameron.  He peeks his head inside. \nCAMERON She okay? \nBIANCA I hope so. \nThe door shuts behind her as Walter enters. \nWALTER Was that your sister? \nKAT Yeah.  She left with some bikers Big ones.  Full of sperm. \nWALTER Funny. \nWalter sits down on the arm of the chair and watches the infomercial with Kat. \nWALTER (continuing) I don't understand the allure of dehydrated food.  Is this something I should be hip to? \nKAT No, Daddy. \nWALTER (dreading the answer) So tell me about this dance. Was it fun? \nKAT Parts of it. \nWALTER Which parts? \nKAT The part where Bianca beat the hell out of some guy. \nWALTER Bianca did what? \nKAT What's the matter?  Upset that I rubbed off on her? \nWALTER No -- impressed. \nKat looks up in surprise. \nWALTER (continuing) You know, fathers don't like to admit that their daughters are capable of running their own lives.  It means we've become spectators.  Bianca still lets me play a few innings.  You've had me on the bleachers for years.  When you go to Sarah Lawrence, I won't even be able to watch the game. \nKAT (hopeful) When I go? \nWALTER Oh, Christ.  Don't tell me you've changed your mind.  I already sent 'em a check. \nKat reaches over and gives him a hug \nINT. CAFETERIA - DAY Kat stands grabs a box of cornflakes from the food line. \nCAMERON (0. S.) Katarina? \nShe turns and looks at him \nCAMERON I'd like to express my apologies. \nKAT For what? \nCAMERON (looking down) I didn't mean for you to get -- When Bianca asked me to find you a boyfriend, I had no idea it would turn out so -- ugly. I would never have  done anything to compromise your - - - \nHe trails off when he realizes she's thrown her food tray against the wall and marched off -- the old \"kill, kill\" look back in her eyes. \nINT. HALLWAY - DAY \nKat stomps up the hallway, full of menace \nCLASSROOM - DAY \n", "random": " I'm sure he was thinking that, but I'm not sure.  She looks at him.  \"Well, you know what you're waiting for, huh?\"  She smiles at him.  \"I have a job, but you're my boss now.  I'm not going to make you pay for it.  I know you want to, but you're sure of it.  You're going to keep your job, but you're going to be the boss.  I", "sentiment": " I'm wearing a pink button up jacket, a black baseball cap, and a pink hoodie.  My shoes are all black.  He goes to the bathroom.  I'm naked.  He hands me my card and he's like, \"Hey, buddy.  Come on, do you have anything else?  Hey, man.  Do you want to go on a date with the teacher?  Hey, you're a girl.  I have to go do something with your"}]