[{"id": 390, "prefix": "LEONARD'S MOTHER, GRACE (35), the largest of them all, crosses to the table, sits and starts eating. JUMP CUTS show the progression of their meal. From globs of syrup being placed over pancakes to the mass consumption of omelets and sausage. Caught up with eating, nobody speaks. EST. EXT. CHUNG RESIDENCE - MORNING ", "truth": "YACCO (O.S.) The check is supposed to be here on the first of the month... She's your daughter, you asshole! \nINT. CHUNG HOME - UPSTAIRS HALLWAY - CONTINUOUS \nYACCO CHUANG (35), Asian-American, sexy, uptight, psychiatrist, paces the hallway on the phone. \nHER DAUGHTER, MALEE (12) with long, black, braided hair and thick rimmed glasses, peeks her head out of the bathroom. \nMALEE Mom, I need help. \nYACCO (INTO PHONE) (ignoring her) Any parent is \"parent of the year\" next to you, you selfish prick. \nYacco walks off.    Deflated, Malee reenters the bathroom. \nINT. CHUNG HOME - BATHROOM - CONTINUOUS \nMalee is wrapped in a towel and holding a TAMPON. Confused, she grabs the TAMPON BOX and reads the directions. Malee's confusion quickly turns to disgust. \nEXT. NEIGHBORHOOD ENTRANCE - LATER \nLeonard sits upon a large rock with the words, LINDSAY ACRES inscribed on the center of it. He eats POPCORN. Hanging off the top right hand corner of the rock is a banner, which reads, 5th ANNUAL 4TH OF JULY PICNIC. ALL INVITED. \nMalee rides her bike up to Leonard. She HONKS her BIKE HORN at every pedestrian in her path. \nMALEE Move it, people.    Outta my way! \n(CONTINUED) \nCONTINUED: \nShe comes to a screeching halt an inch in front of Leonard. \nLEONARD (mouthful) You're late. \nMALEE Yeah well, I began menstruating this morning, and I had some difficulty inserting the tampon. (off his disgusted look) What? It's a natural process. You know, I could conceive, carry and birth a child right now. \nLEONARD Big deal.    You won't. \nMALEE But I could. That's what matters. \nLEONARD The twins said, they'd meet us at the spot. \nLeonard gets on his bike. \nMALEE Wanna race? \nLEONARD Nah, I'm good. \nINT. TREE HOUSE - LATER \nJacob wipes at his head wound, frightened. \nJACOB Maybe I should have mom look at it. \nRUDY If you didn't have that damn mask on, you'd have seen it coming. Our birthday comes once a year, and you ask for a hockey mask. You don't even play. \nJACOB Jason from \"Friday the 13th\" wears one. He's bad ass. \n(CONTINUED) \nCONTINUED: \nRUDY Exactly. Jason wouldn't run home `cause of a little blood. He'd get back up, decapitate his victim and move on. \nJacob looks out the makeshift window in the wall. \nJACOB You think Jeff and Kenny will come back? \nRUDY I dropped piss on their heads.    I'd say the odds are pretty good. \nMALEE (O.S.) You did what? \nRudy and Jacob turn to find Malee and Leonard, entering the tree house. \nRUDY Jeff and Kenny were here. I dumped the piss I've been saving on their heads. \nLEONARD Why were you saving piss? \nRUDY Just incase. Pretty smart, huh? \nJACOB No, it's stupid cause now they're gonna come back here and kick all our asses. \n", "random": "----------------------- After the meal, JUMP CUTS to the table, where he is eating and begins to. The rest of the group is eating. JUMP CUTS to the table and begins to. JUMP CUTS The rest of the group is eating. He stops eating. The rest of the group begins to eat. JUMP CUTS The rest start to eat. He starts to. \"Damn, I'm so hungry!\" JUMP CUTS The rest of the", "sentiment": "-------------- JUMP CUTS back to the porch. It's suddenly lit up with the sun setting. It's beginning to glow. Cut to the kitchen, the sight of D'Angelo still feeding. The RHOSOCIALISTS - This is too bad. We'll have to go to the hospital. CUT TO FRAME. It's body is still warm. D'Angelo is still feeding. EXT. CHUNG - DAY --------------- The temperature is in the 50s."}, {"id": 391, "prefix": "Malee drops on the stoop like a ton of bricks.      After a beat, she reluctantly begins playing her flute. A few pedestrians stop to listen. MALEE Keep it moving. This ain't a show. ", "truth": "Rudy and Jacob stare into the camera with big grins. \n(CONTINUED) \nCONTINUED: \nRUDY/JACOB Cheese! \nVFX: CAMERA FLASH \nThe boys relax their poses as ASHLEY and JIM CARGES (30's), enter the shot. Ashley puts her camera down on the table and picks up a large PRESENT. \nJIM Okay, you got your small gifts this morning. Now for the big ones. \nASHLEY This one is Rudy's. \nRudy rips into the present, revealing a SONY PLAY STATION. \nRUDY Sony play station! Oh my God!      Oh my God! Yes! Too cool! \nJIM Since neither of you wanted a party this year, we were able to splurge. \nAshley removes an ENVELOPE from her purse. She hands it to Jacob. His enthusiasm suddenly turns to worry. \nJACOB What is it? \nASHLEY Only one way to find out. \nJacob removes a colorful PAMPHLET from the envelope. \nJIM Go ahead, read it. \nJACOB \"Plastic Surgery.     Isn't it about time?\" (horrified) I don't get it. \nASHLEY Your father and I are going to pay to have your birthmark removed. \nJIM Isn't that great. \n(CONTINUED) \nCONTINUED: (2) \nJACOB You got me surgery for my birthday? \nJIM Not just one.     A series of them. \nRUDY (overcompensating) Cool. \nJACOB It's not \"cool\".    It totally sucks! \nJacob drops the envelope, walks from the room. \nJIM Jacob? \nINT. TWIN'S HOUSE - BOY'S BEDROOM - LATER \nRudy enters the darkened room and crosses over to Jacob, who has his face planted in his pillow. Jacob has been crying. \nRUDY Don't sweat it. You can borrow my play station anytime you want. \nJACOB This isn't about the play station. It's about this thing on my face. Everybody hates it. \nRUDY I don't. \nJACOB Who cares what you think? You're the reason for all of this. Perfect you with your perfect skin. There to show the world what I'm supposed to look like. (beat) You know, sometimes I just wish I wasn't your twin. \nRUDY Screw you! Know what, I take it back, you can't use my play station. \nRudy exits the room, slamming the door after him. \nEXT. NEIGHBORHOOD - NEXT DAY \nIt's your typical fourth of July block party. Families crowd the streets with BBQ GRILLS, cotton candy and beer. Children ride their bicycles, which are adorned with streamers, balloons and noise makers. \nOff to the side, Malee and Jacob sit, eating SNOW CONES. \nEXT. STREET - SAME TIME \nJim Carges tends to some burgers on his grill.   GABE ARTUNION (40), real estate agent, approaches. \nGABE 30 acres. \n", "random": "                                                                                                 ", "sentiment": "But it's true, and we're done for now.    *A beat.     REY, DEL MALEE,                                                                   "}, {"id": 392, "prefix": "JACOB Is your cell small? KENNY Yes. JACOB So is a coffin. ", "truth": "JACOB What happened to him? \nKENNY He pissed off the wrong guy off. Jeff is totally fucked right now. \nJACOB Good. \nKENNY Don't come back here ever again. \nJACOB Free country. I'll come if I want. \nKENNY Don't expect me to show up. \nKenny slams down the phone and exits.   Jacob smiles, having shaken him. \nINT. LEONARD'S HOME - FRONT DOOR - THAT NIGHT \nGrace hands out candy to a few trick or treaters at her door. \nGRACE Be careful now.   Have a good night. \nINT. KITCHEN - CONTINUOUS \nGrace crosses to the kitchen table where Pat is doing a crossword puzzle. \nGRACE Kids keep coming later every year. \nSFX: FRONT DOOR, opening and closing. \nHaley and Sara storm into the kitchen in tears. Haley is dressed as a MARBLE, and Sara is dressed as a WITCH. \nHALEY I hate him! I hate him! \nGRACE Who?    What happened? \nHALEY Leonard! He threw away all our Halloween candy. \nGRACE/PATRICK What? \nSARA He grabbed our bags and just threw them down a gutter. \nLeonard enters.   Haley and Sara run out of the kitchen. \nPATRICK What the hell is going on? Why did you throw away their candy? \nLEONARD Because their sugar intake is completely unhealthy. Besides, Halloween is supposed to be a celebration of evil. How did candy get wrapped into it? \n(CONTINUED) \nCONTINUED: \nGRACE I am going to ask you this once, and I want a straight answer. Are you in a cult? \nPATRICK Grace! \nGRACE This is what happens when kids join cults. The first thing they change is their diets. \nLEONARD I'm not in a cult. This is all information you can find in books. \nGRACE The issue here is that you have stolen one of the most exciting nights of the year from your sisters. \nPATRICK If anybody had done this to you when you were a child, we never would have heard the end of it. \nLEONARD I wish somebody had done it to me. I wish either one of you had given a shit about my weight. \nLeonard storms out of the kitchen.    Patrick and Grace are speechless. \nINT. LEONARD'S ROOM - MOMENTS LATER \nLeonard lies on the floor, doing sit-ups.       He can actually do a few now. Patrick bursts into the room. \nPATRICK I do not care for your language. \nLEONARD I'm only trying to help you guys. \nLeonard stops exercising. \nLEONARD (cont'd) You're fat dad. Mom is fat.   Us kids are fat. \n(CONTINUED) \nCONTINUED: \n", "random": "------------------------- --------------------------- -------------------------- -------------------------- -------------------------- --------------------------  --------------------------  --------------------------  --------------------------  --------------------------  --------------------------  --------------------------  --------------------------  --------------------------  --------------------------  --------------------------  --------------------------  --------------------------  --------------------------  --------------------------  --------------------------  --------------------------  --------------------------  --------------------------  --------------------------  --------------------------  ------------------------", "sentiment": "------------------------ Get the coffin, baby. KENNY (cont'd) I've been looking for it. ------------------------ After the funeral and breakfast go to dinner. We go to my room. ------------------------ KENNY I don't mind. ------------------------ My father said he'll take me. ------------------------ My mother was born today. ------------------------ I'd just like to say goodbye. ------------------------ Please. ------------------------ Christopher. ------------------------ I love you. I'm going to be even worse. ------------------------"}]