[{"id": 2214, "prefix": "Probably in his classroom. Room 301. MONTY Thanks. ", "truth": "CONTINUED: (2) \no     He leads Doyle away, but stops after a few feet and turns back. \nMONTY (CONT'D) \nMarvin Ray? \n.ADMINISTRATOR \nMm hm. \nMONTY \nYou're sure? \nADMINISTRATOR \nI was there when he broke the record. Monty nods and continues on his way. The administrator watches man and dog walk down the long corridor. \nINT. CAMPBELL-SAWYER CLASSROOM \nJAKOB ELINSKY stands at the blackboard, facing three rows of uninspired teenage faces. He wears a tweed jacket that seems a few sizes too large, with chalk stains on the sleeves. Jakob is the same age as Monty but he seems younger. There is something adolescent in his slouch, in the way he chews his lip. One of his students, MARY D'ANNUNZIO (17), stands at her desk, reading from a poetry textbook. Her eyes drown in pools of painted shadow, her hair is dyed black, tattooed roses garland her wrist. \nMARY \n-\u00ab=\u00b7-------\u00b7\u00b7\u00b7: .\u00b7    (reading)      - \u00b7\u00b7     --    \u00b7\u00b7\u00b7 \n\"Let us roll all our strength and all Our sweetness up into one ball, And tear pur pleasures with rough strife, Through the iron gates of life.\" Jakob watches her. We don't know the Campbell-Sawyer dress code, but we can guess that she's violating it . We can also guess that Jakob is watching her a little too avidly. Her pierced navel is visible below her Donnas tee-shirt. \nMARY (CONT'D) \n(reading) \"Thus, though we cannot make our sun Stand still, yet we will make him run.\" Mary shrugs and sits down. \n(CONTINUED) \nCONTINUED: \nJAKOB \nGood, good, excellent reading. Urn, okay, so. What do people think? What' s going on here? \nNobody says anything. Jakob nods . \nJAKOB (CONT'D) \nOkay. \nLUKE , a sullen-looking student with a shaved head and a failed goatee, raises his hand. \nJAKOB (CONT'D) \nLuke? \nLUKE \nCan I go to the bathroom? \nJAKOB \nNo . You went twenty minutes ago . \nLUKE \nI have a bladder infection. \nJAKOB \nThe poem. The poem, folks. Hello? \nMARY \nIt's not real deep or anything. The guy wants to get laid and he's telling her to give it up . A few of the students titter half-heartedly. \nA knock on the door releases Jakob from his hell . He goes to answer it and then \"stops/ startled.                      ~\"~ It's the type ofdoo r popular in school buildings> with a wire-reinforced glass panel at head height , allowing you to look into the classroom without disturbing anyone. \nDoyle, tongue dangling from his mouth , stares back at Jakob through the panel . \nMARY (CONT'D) \nI didn't know your mother was coming today, Luke . \nLUKE \no Eat me . \nJakob opens the door . \n(CONTINUED) \nCONTINUED : (2) \nMont y stands there, holding up Doyle. Doyle scramble s out of hi s arms and jumps on Jakob , nearly knocking th e teache r down , getting his dirty paw s all over Jakob's jacket . \nMONT Y \nEasy, Doyle. Doyle immediately calms down , squatting by Jakob' s feet and staring up at the teacher . \nJAKOB \nHey -- uh , what' s going on? Jakob seems awkward around Monty , nervous . \nMONT Y \n(looking at Doyle) Look at him . He loves you. Jakob looks at Doyle, wh o wag s the stump of hi s tail . \nMONT Y (CONT'D) \nHe really love s you . So what are you doing? Jakob turns to look at hi s class , who all stare at Mont y and the dog. For the first time today, they're quiet . \nJAKOB \n(to Monty ) Teaching m y class , I guess. \nMONT Y \nCool . ffco class)         \"      \u00b7\u00b7\u00b7 \nHey, class . A few students shyly wave . \nMONT Y (CONT'D) \n(to Jakob) Sorry to interrupt . .Listen, change of plans . They'r e throwing me a goodbye part y downtown . Yo u and Frank get together somewher e and I'll com e pic k yo u up . Jakob is a little flustere d by this encounter , acutel y awar e that his class is watching . \nJAKO B \n", "random": "ook at me. \u00a0I look at my hands. \u00a0I'm so excited. \u00a0I want to try and do the same. \u00a0I'm so excited. \u00a0I'm so excited. \u00a0I'm so excited. \u00a0I'm so excited. \u00a0I'm so excited. \u00a0I'm so excited. \u00a0I'm so excited. \u00a0I'm so excited. \u00a0I'm so excited. \u00a0I'm so", "sentiment": "\u00a0And I'd like to say he is very impressed with you. \u00a0Why, my friend, didn't he tell me about you? \u00a0It's not said in the church scriptures. \u00a0I just remember that uncle in the cafeteria of your house, would you have bothered telling me? \u00a0No. \u00a0He told me his story in the last 2 kilometers. How many meters? \u00a0On the map. \u00a0What's in that map?"}, {"id": 2215, "prefix": "AGENT BRZOWSKI But it's not too late, Brogan   . First felony offense, we can offer    you a nice deal. You just gotta be smart   . So why don't you tell us about your    friend Uncle Blue. MONTY ", "truth": "(CONTINUED) \nCONTINUED: (2)                          ..   , , ._..,._... \nAGENT CUNNINGHAM \nSure. Cunningham and Brzowski lean forward, eager to hear Monty name the names. \nMONTY \nWhen you've got your dick up his ass, is he still talking all the time? Cunningham and Brzowski sit back. \nMONTY (CONT'D) \nCause it seems to me he never shuts up, and I'm just wondering, is that annoying, you're fucking the guy up the ass and he never shuts up? \nCUT TO: \nINT. BROGAN'S BATHROOM \nMonty still stares at the mirror. He wets his thumb and tries to rub out the magic marker \"Fuck you\". Someone knocks on the door. Monty rubs harder. It's not coming out. VZ7   Another knock. \nMONTY \nYeah, all right. \nINT. BROGAN'S BAR \nMonty returns to the table, sits, drinks some Guinness. , \nMONTY \nLet me aBk you \"a question. \nMR. BROGAN \nOkay. \nMONTY \nWhat do you think of Naturelle? \nMR. BROGAN \nShe's a good girl. Your mother would have liked her. \nMONTY \nDo you trust her? \nQ \n(CONTINUED) \nCONTINUED: \nMR. BROGAN \nDo I trust her? Why do J have to trust her? \nMONTY \nDo you think I can trust her? \nMR. BROGAN \nWhere you going with this? \nMONTY \nI've been hearing weird things. (beat) Some people are saying she dimed me out \nMR. BROGAN \n(incredulous) Why would she do that? \nMONTY \nI don't know. Maybe the Feds got to her somehow. Blackmailed her. \nMR. BROGAN \nThe girl loves you/ Monty. I can't believe she would betray you. \nMONTY \nEverything's gotten so strange, Dad. I wake up some mornings and it takes me a minute to remember who I am, you know? Where I'm going. Mr. Brogan looks down at his plate and nods. \nMONTY (CONT'D) \nMost of the people I'm with, I look at them and I think, these are my friends? (beat) The only ones I trust these days are you and the guys I grew up with -- Frank, Jake. \nMR. BROGAN \nI miss those boys. \nMONTY \nAnd Naturelle... Jesus. I can't get it out of my head. \nvL                      MR. BROGAN It doesn't really matter now, does it? \n(CONTINUED) \nCONTINUED : (2) \n\u00b7(    Monty stares at his father, blue eyes unblinking. \nMONTY \nIt matters to me . Monty checks his watch. \nMONTY (CONT'D) \nI should get going. \nMR. BROGAN \nOkay. I'll see you in the morning. Mr . Brogan removes his wallet from the inside pocket of his jacket. \nMONTY \nThe morning? What for? I'm taking a bus up there. \nMR. BROGAN \n", "random": "                                                                                                   ", "sentiment": " . The father of a                                                                                              "}, {"id": 2216, "prefix": "You won't be there, Mr . Gedny. GEDNY What do I have to do to rate one of those VelVet parties? Aside from getting locked up for seven years. ", "truth": "Win more trials. Gedny laughs but quickly notices that Uncle Blue and Valghobek are not amused. \nGEDNY \nListen, they found six hundred     and fifty g's in your boy's sofa cushion.     They got every white junkie on the East     Side saying Brogan's the sell. Game     over. \nUncle Blue and Valghobek say nothing. Gedny licks his lips \nGEDNY (CONT'D) \nIt's U.S . Code. There's nothing to argue. Who do I argue with, the fucking grid? It's seventy-eight to ninety-seven months, automatic. I kept him out of stepback* kep_t him in the world for a few extra months -- \nUNCLE BLUE \nThe judge kept him out of stepback. Why? If he's not talking with the Federals, how come he's still on the street? \nGedny shrugs. \nGEDNY \nIt's pretty common for non-violent offenders. He's a white boy with no record and his father put up his bar as the bail bond. They're not worried about him jumping. \n(CONTINUED) \nCONTINUED: (3) \nUNCLE BLUE \nThey know more than you think. If Brogan's telling the truth, he was touched. The DEA went straight to his sofa. They knew exactly where it was. \nGEDNY \nSomeone dimed him out. You know who? Uncle Blue and Valghobek watch the lawyer, impassive and silent. \nGEDNY (CONT'D) \nNone of my business. \nUNCLE BLUE \nCorrect. \nEXT. MULBERRY STREET -- NIGHT \nMonty walks down the snow-covered street, hands in the pockets of his camel's hair coat. He watches everything intently: the passersby, the cars swerving through the slush, the stores and restaurants. \nEXT. CLOTHING BOUTIQUE \nHe stops in front of a fashionable shop. Beyond the plate glass window, bald mannequins wear the latest styles. \nCUT TO: \nEXT. CLOTHING BOUTIQUE -- FLASHBACK (TWO YEARS EARLIER) \nMonty and Naturelle, hand in hand, stare through the window at the elegantly attirejl manneguins_\u00bb ,,The shop appears to be closed for the night. \nNATURELLE \nThis is my favorite store. \n'       MONTY \nI know. Let's go in. \nNATURELLE \nIt's closed. \nMONTY \nNot for you it's not. He raps on the window. A SALES CLERK (25) walks over to the window, peers out and sees Monty. He goes to the door, unlocks it, holds it open for Naturelle and Monty. \n.   (CONTINUED) \nCONTINUED: \nNaturelle stares at Monty, who smiles and beckons for her to enter. She raises her eyebrows and goes in. Monty nods to the clerk as he enters the store. \nMONTY (CONT'D) \nHow you doing? \nCLERK \nPretty good, Monty, how you been? \nINT. CLOTHING BOUTIQUE \nNaturelle and Monty have the shop to themselves. She walks around, inspecting the blouses, the pants, the jackets and handbags. Monty watches hex. \nNATURELLE \nEverything here is so expensive. \nMONTY \nDon't worry about that. It's your birthday. The clerk emerges from the back room. /\"'.'Jaillt []^m                               CLERK vs\" \"~                     We got some of the new stuff in from Italy this morning. You want to take a look? \nINT. BACK ROOM \nThe new clothes are still wrapped in plastic. Naturelle pokes around, touching the fabrics, examining the cuts. The clerk touches her arm*    -           -            -    ---    - \nCLERK \nHere, check out this dress. It's the best thing they've made in years. He tears the plastic wrap off a dress hanging in the corner of thp rnrmu--It really is a gorgeous dress,--sleek and silver,-- looking almost liquid under the fluorescent lights. Naturelle holds the hanger to her chest and looks at herself in a full-length mirror leaning against one wall. She turns to Monty and smiles. \nCUT TO: \nEXT. CLOTHING BOUTIQUE WINDOW -- NIGHT \nMonty, still remembering, stares through the window. His reflection stares back at him. \nINT. SLATTERY'S APARTMENT -- NIGHT \nSlattery opens the door and Jakob hurries in, his Yankees hat (which he wears for the rest of the night) and coat dusted with snow. \nSLATTERY \nIt's really coming down, huh? Slattery lives in a Young Man with Money without Woman Apartment. The television set in the living room is so large that the weatherman startles Jakob. The living room itself is bigger than many Manhattan apartments, but it's empty except for the television, an old sofa, a coffee table, a Persian rug (still rolled) under the windows, and a shiny red electric guitar in the corner. Slattery returns to the sofa, bottle of beer in hand, while Jakob remains standing, brushing the snow from his coat. \nJAKOB                                              ^ \n(indicating guitar) You taking lessons? \nSLATTERY \n", "random": " went so far as to ask a few questions, and the point was, I could probably do better. \u00a0I was the last person in my class to see the Velvanov. That was the last time I saw him. He was a college boy, a young man with a big smile on his face. \u00a0He was dressed in a dark suit, jeans, a black shirt, and a white hat. \u00a0He might have been the last human I ever saw,", "sentiment": "hy not? \u00a0Who is in the room, hoping to turn things around a bit? \u00a0Well, despite my confusion, I'll be honest with you. \u00a0Instead of three or four witnesses, I'll be presented with a four-year-old boy from South Africa, ZENNETL FENG, and a girl from Europe. \u00a0Who? \u00a0He's the one with the age written on his face. \u00a0What do you mean, a boy"}]