[{"id": 1434, "prefix": "He nods and smiles. He extends his hand to shake 9's hand. While doing this, he takes 9's hand and studies it, nodding with eager excitement. We see that 9's hand is more sophisticated than 2's. 2 (CONT'D) The details... how exciting. (FASCINATED) Carved wood... steel bolts... molded copper... H ", "truth": "looks at him, nodding, again, the kind mentor. He's interested, observing without judging; curious, kindly and ready to help. \n2 (CONT'D) You can't speak. \nWith a friendly, disarming smile, he taps 9's zipper. 9 unzips himself and 2 peers in. 2 looks up, happy that he can help. \n2 (CONT'D) Yes, yes... \n2 looks around nervously and hurries over to his roller-skate cart covered with detritus - odds and ends, a broken china doll. \n2 (CONT'D) ...come with me. \nfollows, looking around curiously. \n2 finds the china doll. \n2 (CONT'D) Here! \nAs 2 rummages through the chest of the china doll 9 picks up a bullet casing from 2's cart and starts tapping it. 2 turns with the doll's voice box in his hand. \n2 (CONT'D) (sees 9 with the bullet; whispers sharply) No! Stop! \n2 eases the bullet away from 9, then smiles gently at 9, EXPLAINING: \n2 (CONT'D) QUIETLY) Some things in this world are better left where they lie. \ne puts the bullet to one side and kneels, prying into 9's chest. 2 begins to connect the doll's voice box. \nA \n2 (CONT'D) But if you know where to look, these ruins are full of riches. \n2 concentrates, a look of pleasure on his face as he twists a few more wires. Static and unclear sound come out at first, but as 2 tunes the voice further... \n(as his voice is \"tuned in\".. starting with pure static, then slowly moving into a voice) Chhhhhhh.....chhhhehhhh... \nWait.. (tunes him in) ...almost there... \n9 gets a little panicky look on his face at the strange sounds coming out of him. 2 puts a calm hand on his shoulder. 9 calms down and tries again. \nFriend?   Friend? \n(BEAMING) Friend. \n(more and more normal SOUNDING) Are we alone? \n(REASSURING) No. There are others. \nand 2 stare at each other. 9 looks at 2 in wonderment, then reaches out and touches 2's chest where he hit it. \n2 beams at 9, happy 9 can speak, happy he was able to help, and happy that 9, with his first words, is concerned about others. \nglow beams from within 9's chest.   2 stares.   9 removes the TALISMAN from his chest. \n2 has a big reaction--he draws his breath in and looks at it in ASTONISHMENT. \nI \nT \n", "random": "P \n(TO HERS) 1, we've got a problem. \n(AUGUSTLY) Maybe we can use the car to hold a hostage. \n(TO 2) If that's possible, we can take out the car... to check out the work. \n(THINKING) It's a very dangerous job... \n(MORE) (TO 2, WHOINING) I don't think you can trust us... we're here for", "sentiment": "3 looks at 9's fingers that 6's fingers are covered in. He nods, and looks again at 9's hand. It seems Pelmy, too, is interested. He looks for expressions that might indicate the proper approaches of the Mozart painting. 4 (ACCESSED) And when they're ready. \nP \n5 looks around... and finds 3's forehands tied neatly to one of the Plexiglas' walls like the Da Vinci Faenza. \n"}, {"id": 1435, "prefix": "9 joins 7 near the needle and 6 sits on the crank as it spins around. Everyone is enjoying the music. S 5 discovers a trove of records (enormous in scale compared to the little ragdoll). He curiously begins to go through them. ", "truth": "But it rolls away from him.  It rolls towards the hill and then down the hill. 5 runs after it. \nBehind him, unseen by anyone, the talisman crackles and glows slightly. \nnotices. \nNo... it .... it... it... \n9 sees 6's beginning panic and whirls to see -- \nSEQ. 200 - The Fabrication Machine Breaks Free \nEQ. 200 - EXT. WASTELAND/A RUTTED FIELD - CONTINUOUS \n5 running down the hillside.       And suddenly-- \n--the enormous Fabrication Machine, RISES UP, free of the factory, TOWERING over him like a giant monster. \nTHE TALISMAN is GLOWING ferociously in the Machine's front. \nNO! \nHe tries to run towards 5.       5 SHRIEKS, running back towards the others. \nRun!   Run! \nThe other ragdolls whirl and stare, frozen, at the hideous apparition... \nThey leap off the spinning Victrola, hitting the needle and the music SCRATCHES TO A HALT. \nBefore anyone can get to him, 5 is SNATCHED by the TOWERING MACHINE. No! \nG \n9 tries to run towards the Machine. 1 pulls him away frantically, fiercely forcing 9 to allow himself to be saved. \n(TO 9) There's nothing you can do! \n5 faces the Machine as the green of the TALISMAN shoots out at him, sucking his soul into its portal. The Machine's eye turns green showing it has absorbed the soul, then back to glowing red. No!   No! \nThe Machine again SHAKES and then seems momentarily paralyzed as it ingests the soul, giving the ragdolls a moment to flee, scrambling, desperately trying to get up the hill and escape. 1 looks over to the bridge. His general's instincts kick back in. \nFollow me! \nThe Fabrication Machine powers back up and lumbers after them. The dolls head over to the bridge. \nSEQ. 201 - The Bridge \nSEQ. 201 - EXT. BRIDGE - CONTINUOUS o!   Get across! \n9 sends 1 and the twins across the bridge. He turns to 7 but they don't need to speak--they both understand the plan. They linger behind, luring the Machine. \n1 tries to drag 6 across the bridge.     6 resists: No!   No!   No! \nThe twins chatter. 6 is moving slower than the others.     1 grabs his arm and pulls him off the bridge. Come on, we can't stay here! \nN \nT \n", "random": "\nS 5 (CONT'D) It is, I assure you, a pleasure. \nS 5 uses the needle to start the needle and the needle is spinning. 5 pulls it out of the needle and starts off the needle. \nS 5 (CONT'D) (to 6) I would have thought you would take up this case. \n6 has the needle on his arm and is taking it off his shoulder. S 5 has the needle on his shoulder. \n", "sentiment": "\nS 5 (CONT'D) I can't play a record. \nS 5 (CONT'D) It's too big. \nS 5 (CONT'D) I can't play a record. \nS 5 (CONT'D) It's too big. \nS 5 (CONT'D) It's too big. \nS 5 (CONT'D) It's too big. \nS 5 (CONT'D) It's too big"}, {"id": 1436, "prefix": "9 goes for 6 but can't get to him. The bridge starts to give way 9 and 7 run to the other side. 9's light staff slides and falls down into the dark crevice. The Fabrication Machine is now hanging off of one side of the bridge, still holding on to 6. and 7 flee wildly across the disintegrating bridge. They make it across to the other ragdolls at the other end of the bridge, just in time. ", "truth": "The Fabrication Machine tries to back up on the bridge but ends up getting caught in the beams, which form a cage around him. The other ragdolls yell to 6 from the other side of the bridge. \nThe Fabrication Machine brings 6 up to its eye. \nSEQ. 202 - Disagreement \nEQ. 202 - EXT. BRIDGE - CONTINUOUS \n9 watches in horror as the Machine sucks 6's soul. As before, the Machine SHAKES and then seems momentarily paralyzed as it ingests the soul. It then re-animates. \n1 strides over to 9. \nWe must destroy it. \n9 stares at him.      We can see a sudden new thought is forming on his face. \nWe can't. \nlooks at the Machine. \nAnything can be overcome.    One just needs the right weapon. \nNo.  We can't destroy it. TO 7) You heard him: \"Come for us.\" They're still inside-- \n9, they're gone. \nNo. I don't think so. We can get them back. I just have to figure this out. (trying to parse 6's WORDS) \"The first room....\" \n7 tries to persuade 9. \nP \nI \nW          9 \ne need to get a weapon.     Quickly. \n(trying to parse 6's words, completely focused in thought) \"The source... he will show you...\" \nThe machine screams, starting to break free. \nturns, abruptly, making a decision. \nThis raving will get us nowhere. 'm going to find a real weapon. \n1 turns and stalks off.      The twins hesitate, uncertainly. \n7 goes over to 9 and implores him. \nlease.   Leave it.   Come with us. \n9, determined, certain of his path, shakes his head gently. \nNo.   I can't. \nlooks sad, but she feels she has no choice. She ushers the twins away and they follow 1. The twins are carrying 6's key. \n9 (CONT'D) (MUTTERING) The source... the First Room... \n", "random": "\n10 is faster and faster, his light staff trying to reach 8. The Cyberman and 9's light staff continue to struggle to get through, changing directions and making a jumbled mess. \n11 is faster and faster, his light staff suddenly trying to reach 7 and 9. The Cyberman is running and he's trying to reach 9. It's too late. It's too late! \nPOP! \nThe Cyberman's light staff is hanging on to the other", "sentiment": "\n9 and 7 are trapped in the dark crevice. They are trapped in the crevice. 9 and 7 try to get to them but they can't get to them. They are trapped in the crevice. They are trapped in the crevice. They are trapped in the crevice. \n9 and 7 try to get to them but they can't get to them. They are trapped in the crevice. They are trapped in the crevice. They are trapped in the cre"}]