[{"id": 1260, "prefix": "WADE Those are the Hoyts. JILL I don't care. They're out. WADE Can't you see... look out there. Nobody's got their porch lights on anymore. It's too late. Those Hoyt kids are just out to get in trouble. See, they put shaving cream all over that mailbox there. They chopped down Herb Crane's new bushes. Little bastards. Jesus H. Christ. ", "truth": "JILL Why do they do that? \nWADE Do what? \nJILL You know. \nWADE Break stuff? \nJILL Yeah. It's stupid. \nWADE I guess they're stupid. \nJILL Did you do that when you were a kid? \nWADE Well, yeah. Sort of. Nothing really mean. Me and my pals, me and my brothers. It was kind of funny then. Stealing pumpkins, soaping windows. Stuff like that. \nJILL Was it funny? \nWADE To us it was. \nJILL But it's not funny now. \nWADE It's not funny now. I'm a cop and I gotta listen to all the complaints people make. I'm not a kid anymore. You change. \nJILL I bet you did lots of bad things. \nWADE What are you talking about? \nJILL I just think you used to be bad. \nWADE No. I didn't used to be bad. No sir. Where do you get this stuff? From your mother? \nJILL No. She doesn't talk about you anymore. \nWade looks at her, wanting to lift her mask, see her face. \nCUT TO: \nEXT. TOWN HALL - NIGHT \nThe Fairlane approaches Town Hall, a square two-story building on the north side of the Common. Exhaust billows from idling cars as parents and children come and go. \nCUT TO: \nINT. TOWN HALL - NIGHT \nClowns, tramps, angels and vampires fill the brightly lit room. Parents watch from the walls as GORDON LARIVIERE, a beefy fiftiesh man with a silver flat-top, announces the costume contest. Wade nods to various townspeople. \nLARIVIERE We're looking for the funniest costume! And the scariest! And the most imaginative! And the best costume of all! \nWADE (nudges Jill) Got here just in time. Go ahead. Jump in line. Maybe you'll win a prize. \nJill steps forward, retreats. Wade looks at her flaxen hair, her blue sneakers protruding from her pathetic costume. His heart aches he loves her so. \nWADE Go on, Jill. Some of those kids you still know. \nJILL I don't want to. \nWADE Why? Why not? You know these kids from when you went to school here. It hasn't been that long. \nJILL It's not that. \n", "random": "\nHe looks up. Jake, still asleep, looks up. \nWADE (cont'd) Can't you see that? People can't see that in here. Look at me, old man. Look around. I can't see any way out. WADE You can't. You can't. It's bloody cold. \nHe looks around at the lights on the porch. Nothing. WADE (cont'd) (to Jake) You can't. \nJake removes", "sentiment": "\nLAURA How did you do it? WADE I guess. In -- \nLAURA Let me ask you ... did you? LILLRA Well, you're comin' through. Are you an efficient... you're a decent dolt. What's this woman's got to lose? They're both rearing a kid, right? Opioid's so devastating to the brain. You take your laptop, like I said, when it's yours, get everything you can eat"}, {"id": 1261, "prefix": "On stage, LaRiviere arranges the contest winners. A fairy godmother with a wand beams while, nearby, a hobo writhes in his mother's grip -- a hard loser. Wade looks for Jill, first among the winners, then among the losers; she's nowhere to be found. He heads toward a hall leading to the restrooms. Jill stands alone in the corner next to the pay phone, tiny, forlorn. Wade realizes at once he was wrong to leave her before she had found a friend. ", "truth": "JILL No. \nWADE No what? \nJILL (lifts mask atop head) No I didn't see anybody I know. No I don't want to go to school here tomorrow. I want to go home. \nWADE You are home. There are lots of kids you still know here. \nJILL I don't want to be here. Don't worry, I love you, Daddy, I do. But I want to go home. \nWADE (sighs) Jesus. Listen, Jill, tell you what. Tomorrow morning, you still want to go home, I'll drive you down. I'll get off work or something. \nJILL (pause) I called Mommy. \nWADE What? You called Mommy? Just now? \nJILL Yes. \nWADE Jesus, why? \nJILL I... because I want to go home. She said she'd come and get me. \nWADE Come and get you! Shit! It's a damn half hour drive each way. Why didn't you talk to me about it first? \nJILL See, I knew you'd be mad. \nWADE Yeah. Yeah, right, I'm mad. What'd you tell her, for Christ sake? \nJILL I told her I wanted to come home. Daddy, don't be mad at me. \nWADE Well, I guess I am. I planned this, I planned all this, you know. I mean, it's sort of pathetic, but I planned it. You shouldn't have called your mother. (takes her arm) C'mon, we're gonna call her before she leaves. \nCUT TO: \nEXT. POLICE OFFICE - NIGHT \nWade leads her to a frosted-glass door reading \"POLICE\", enters. Inside, he flips on flourescent light, dials the desk phone. More utility room than office. \nHe waits. There's no answer. Jill looks down. \nWADE She's gone already! (hangs up) Gone already! Couldn't wait. \nJILL Yes. \nWADE That's all you got to say? \"Yes\". \nJILL Yes. \nWADE She won't be here for a half hour. Think you can stand it that long? \nJILL Yes. \nWADE Where do you expect to wait for her? Obviously downstairs with the other kids isn't good enough. \nJill sits in a chair facing the dark window pane. \nWADE Sit right there by yourself if you want. Wait for her by yourself. That's fine with me. Just dandy. I'm going downstairs. \nJILL That's fine with me too. When Mommy comes, tell her I'm up here. \nWade Whitehouse stalks out. \n", "random": "WADE (to Jill) I don't know. I can't. \nJILL I'm sorry. (to Wade) You're sure you don't want out? \nWADE I want to win. \nJILL I'm a winner, too. \nWADE I don't know. \nJILL I believe you. \nWADE (to Jill) I'd like to win! I want to win! \nJILL I don't", "sentiment": "WADE (V.O.) (cont'd) I had to put my life on hold, but I didn't have to. \nINT. HOSPITAL HALLWAY - DAY \nLaRiviere, wearing a black suit and tie, walks down the hall. A nurse enters. \nNURSE What the hell was that? \nLAWRENCE LaRiviere, I'm sorry, I didn't mean to. \nNURSE"}, {"id": 1262, "prefix": "Jack opens the truck ashtray. LARIVIERE Not there, asshole. Flush it! Hewitt trudges to the john. ", "truth": "LaRiviere smiles, goes to his office as Wade hangs his coat in his locker. Jack cruises over. \nJACK I'm fucking out of here. \nWADE Lawford? \nJACK Out of this fucking job. This job sucks. Working outside in the winter sucks. \nJack gets in the cab of the drilling truck. Wade follows. \nJACK Open the door, will ya? \nWADE Why don't you quit now, you want out so bad? \nJACK Open the door. We're late. \nWADE I mean it -- you got enough money now. Head out for California. Surf's up, Jack, and you're digging wells in the snow. \nJACK What do you mean I got money? I'm as broke as you. \nWade grins, goes to activate the door. \nWADE Looney Tunes, Jack. Fucking Looney Tunes! \nThe drilling truck pulls out the garage, onto the road. From the opposite direction a black BMW slows, enters. Mel Gordon. \nWade, all eyes and ears, watches. Mel Gordon parks in front of the office, gets out. Elaine calls: \nELAINE (O.S.) Mr. Gordon! \nMEL GORDON The boss in? \nELAINE (O.S.) Yes indeedy! \nWade flips the door switch. Mel Gordon and LaRiviere talk. Yeah. \nCUT TO: \nEXT. CONCORD - DAY \nThe South Main Street office of J. Battle Hand, lawyer. Concord is a real town, with traffic, stores, people with places to go. \nCUT TO: \nINT. LAWYER'S OFFICE - DAY \nJ. BATTLE HAND, 60, sits in a wheel chair behind his desk. Wade, uncomfortable in work clothes, tries not to show it. \nWADE I screwed up the divorce. I agreed with everything she said. I wanted her to like me. I just want to be a good father. \nHAND It would help if you were married, if there was someone at home while you work. \nWADE I plan to. Soon. \nHAND How soon? \nWADE This spring. \nHAND Good. It would help if there were some drug or alcohol abuse on the part of your ex-wife. Sexual problems upsetting to the child. \nWADE It looks pretty hopeless, don't it? \n", "random": "WITT Go in the shower. \nLARIVIERE (a little hysterical) ... Okay. \nLARIVIERE You're mad? \nLARIVIERE Oh, yeah, I'm a little freaked out. I got my hair cut off, I'm a little freaked out. \nLARIVIERE You're mad? \nHEWITT I'm a freak. \nLARIVIERE You're mad", "sentiment": "RIVIERE (CONT'D) I need a dollar. \nLARIVIERE (CONT'D) Don't. \nLARIVIERE (CONT'D) You should. \nLARIVIERE (CONT'D) I'm not really a very good cop, but I'm sure you'd like me to. \nLARIVIERE (CONT'D) I'm a cop. \nLARIVI"}]