[{"id": 2121, "prefix": "WIPE TO: KRUGER'S OFFICE - FULL SCREEN Kruger turns to room.  LOOSEN to reveal a dozen five-year- old boys in three-piece suits, smoking cigars.  A huge Keans-style painting of three astronauts with big eyes, painted on black velvet, hangs in b.g. ", "truth": "ALL BOYS Fuck him! \nEXT. GANTRY - NIGHT \nSarg looks at the wire and shakes his head. \nSARG (to worker) Ted Striker was right six months ago when he test-piloted this sucker.  And what did he get for telling the truth?  A one-way ticket to Palukaville. \nSarg spits a chunk of cigar on the ground, blowing the worker OUT OF FRAME with a MASSIVE EXPLOSION. \nEXT. WILD BLUE YONDER - DAY \nA jet fighter streaks across the sky. \nINT. JET - DAY \nTED STRIKER is at the controls.  His oxygen mask hangs loose from his helmet.  Clouds outside shoot by -- he's going at least 700 MPH.  A bird lands on the nose in front of the window.  Ted shoos it away by knocking on the glass.  He takes a slug of beer and cockily pulls on the stick. \nEXT. FIGHTER - DAY \nThe plane does a barrel roll. \nINT. FIGHTER - DAY \nTed has beer all over his face and shirt. \nEXT. SMALL LATIN-AMERICAN LANDING STRIP - DAY \nSUPER:  \"SOUTH AMERICA, 2002 (PALUKAVILLE)\" \nStriker's fighter comes in for a landing. \nEXT. OUTSKIRTS OF RIO MONTENEGRO - DAY \nCLOSEUP of sign, \"WELCOME TO RIO MONTENEGRO -- POP. 2,354,900 -- NO TORTURING 7AM-9AM MON.-FRI.\" \nINT. HOTEL ROOM - DAY \nSUPER: \"HOTEL MONTENEGRO\" \nCOME UP on CLOSEUP of parachute.  PAN past a flight jacket thrown over a chair, clothes strewn around, a framed photo of TED and ELAINE on the bedtable next to a bottle of whiskey.  The room is hot and dusty.  Ted lies on the bed soaked with sweat, a drink in his hand, a cigarette dangling from his lip.  He takes a drink and, forgetting to remove the cigarette, swallows it without batting an eye.  LOOSEN to find a CRUCIFIX above the bed with a real person on it. \nTED (V.O.) (to self) Who could have figured it would come to this.  It'll be twenty years this week that I lost my entire squadron over Macho Grande.  Planes, too. \nSUPER:  DOG FIGHT FOOTAGE \nVOICE You're too low, Striker!  You're too low! \nThe Crucifix in b.g. looks around trying to figure out where the planes in the SUPER are coming from. \nTED (V.O.) After the war, I couldn't go near anything with a pair of wings. \nSUPER:  TED IN PARK TRYING TO AVOID PIGEONS THAT FOLLOW HIM. \nA pigeon lands on the Cross. \nTED (V.O.) That is, until fate dropped me on the seat of my pants at the stick of a 167 into Chicago with no crew. \nSUPER:  TED LANDING PLANE IN \"AIRPLANE!\" \nTED (V.O.) It's funny how fate can make heroes out of cowards. \nThe Crucifix gives a look of exasperated boredom. \nSUPER:  NEW YORK TIMES HEADLINE, \"STRIKER SAVES l20!\" OVER A PHOTO OF TED AND ELAINE WAVING. \nTED (V.O.) Then came the job offers. \nSUPER:  HOUSTON TRIBUNE HEADLINE, \"FLYING HEROES ACCEPT NASA POSTS\" OVER A PHOTO OF TED AND ELAINE WAVING. \nTED (V.O.) The publicity. \nSUPER:  NATIONAL ENQUIRER HEADLINE, \"TED IMPOTENT?  ELAINE FRIGID?\"  A MINOR HEADLINE READS, \"JFK ALIVE, SAYS UROLOGIST!\" \nTED (V.O.) Even the key to the City of New York. \nSUPER:  MAYOR HANDING TED A KILO OF GRASS. \nTED (V.O.) Now look at me. \nTed wipes the sweat off his face and switches on the table fan.  A tornado force wind destroys the room as he fights to switch off the fan. \nEXT. TOWN SQUARE - DAY \nSUPER:  \"RIO MONTENEGRO - TOWN SQUARE\" \nA peasant boy takes a newspaper from a newsstand.  The headline reads, \"MERCURY SHUTTLE FLIES TOMORROW.\" \nBOY Senor Ted! \nThe boy hightails it through the town-square and passes: \n-- A large alabaster statue of the Generalissimo snorting cocaine. \n-- Soldiers dragging nuns off screaming. \n-- Nuns dragging soldiers off screaming. \nHe passes a line of peasants held at gunpoint by soldiers. We HOLD on them.  In b.g. are stores like HITLER'S SHOES, TRIEU GUYS FROM SAIGON LIQUORS, KEY'S KEYS -- GENERAL KEY stands in doorway. \nSOLDIER (to first peasant) Traficante de drugas o communista? \nSUPER:  SUBTITLES -- \"Drug dealer or communist?\" \n", "random": " The boys look at the painting. \nKRUGER (O.S.) ...And another one? \nKRUGER (O.S.) ...And another one? \nThe paintings are all colored red. \nKRUGER (O.S.) ...and another one? \nKRUGER (O.S.) ...And another one? \nKRUGER (O.S.) ...And another one? \nThe aliens are white and blue.", "sentiment": " The second picture is of a beautiful girl dressed in a very nice suit, carrying a little- body of water and her boobs.  The third picture is of a man, balding and wearing a big suit, with a big suit, and his head covered in a big doggie head.  Mr. and Mrs. Walker hold a BRILLIANT DOG IN A DOGA KEYS.  The dog sits up.  Mr. and Mrs. Walker draw a one-"}, {"id": 2122, "prefix": "ELAINE Let's relax tonight, just the two of us. I'll make a quiet Italian dinner just the way you like it, with spaghetti. TED You're as bad as the rest of them, Elaine! (ranting) It's all here in the design specifications! (grabs plans from a passing technician) Look!  It's all here! Simon signals the guards.  They grab Ted.  He struggles and rants.  A DOCTOR in white approaches and injects something into Ted's arm. ", "truth": "Ted falls unconscious.  Simon holds Elaine. \nSIMON Elaine!  Ted's a danger to himself, he's a threat to this mission and his behavior does absolutely nothing to promote peace in the Middle East. \nELAINE (crying on Simon's shoulder) Simon, why has he become so... so... \nSIMON So mentally ill? \nElaine collapses on Simon's shoulder, sobbing.  Simon smiles evilly.  The technician with the jumper cables, b.g., signals the driver to start the car.  The car revs and the rocket fires. \nDISSOLVE BACK TO: \nSCENE \nTed still standing alone and muttering. \nTED (to self) I'm perfectly sane. \nTed notices Stella Barrington looking at him. \nSTELLA Excuse me, are you alright?  I noticed you talking to yourself.  I'm a nurse.  Can I be of some help? \nTED Uh... oh, thank you.  It's nothing. \nSTELLA You don't have to thank me, I'm a nurse. This is my father, Dr. Barrington. \nTED Not Dr. Barrington, the world renowned agronomist? \nSTELLA Yes.  He's dying a-n-d wants to be buried on Mercury. \nTED I'm familiar with your work, Doctor. You'll have to excuse me, I have to go. \nSTELLA You don't have to excuse yourself.  I'm a nurse.  I understand. \nTed leaves. \nINT. TERMINAL - OUTSIDE DRUGSTORE \nSIMON Meet me onboard, sweetheart.  I have to pick up a few things at the drugstore. \nELAINE (checking her watch) Don't be too long. \nSimon walks into the drugstore past a DRUGGIST who whispers to him: \nDRUGGIST Uppers, downers, coke, speed, hash, Tampax. \nANGLE ON ELAINE \nTed approaches.  We see light flashes from a 25\u00a2 photo booth. \nTED Elaine. \nELAINE Ted, please.  You're just making things difficult for yourself. \nA WOMAN IN BLACK GARTER BELT emerges from photo booth followed by a donkey. \nTED Elaine, what happened to us? \nELAINE Ted, I loved you and I'll always love you. But I need Simon.  He's stable.  He's a good provider.  I want that at this stage of the game, Ted.  He might have his faults, but Simon doesn't know the meaning of the word fear and I need that in a man. \nINT. DRUGSTORE \nThe Druggist hands Simon a huge bottle of pills.  The label reads, \"ANTI-FEAR PILLS.\" \nSIMON (looking at the label, \"ANTI- FEAR PILLS\") What does this word mean? \nDRUGGIST (looking at label) 'Fear,' to be afraid or over-anxious. \nSimon swallows a handful of pills, braces himself and walks out right through the plate glass window without feeling a thing. \nINT. TERMINAL \nTed is still following Elaine. \nTED Elaine, someone has to listen to me.  I'm going right to mission control. \nA kid bops by with a huge (5'x3'x2') oak cabinet, TV/stero console perched on his shoulder. \nMUSIC:  DISCO. \nELAINE Ted, you should go right back to the hospital. \nElaine leaves and Ted has another FLASHBACK. \nDISSOLVE TO: \nINT. MENTAL HOSPITAL \nPAN by dorm window.  We see a sign on grounds outside -- \"THE RONALD REAGAN INSTITUTE OF SUPPLY-SIDE ECONOMICS AND HOSPITAL FOR THE CRIMINALLY INSANE.\"  PAN patient in bed, accountant at desk, patient in bed, accountant at desk, Ted in bed.  Ted has electrodes attached to his head.  A NURSE with \"I (heart) NORMAL\" on the back of her uniform, hands Ted some pills.  He is about to pop them when she stops him. \nNURSE That's $38. \nTed hands her bills. \nLOOSEN to find Elaine on other side of bed.  She turns off the radio and opens a box of spaghetti-to-go. \nELAINE Eat this spaghetti, Ted.  It'll make you feel a lot better. \nSFX:  GROANING O.S. \nELAINE Who's that, Ted? \nTED Sammy Davis Junior.  Terrible car accident.  He hasn't been the same since. \n", "random": "DOCTOR One. \nThe guards take him away. \nTED (CONTINUED) \nTED (CONTINUED) (CONTINUED) (CONTINUED) (CONTINUED) (CONTINUED) (CONTINUED) (CONTINUED) \nTED (CONTINUED) (CONTINUED) My arm! (INT.  TAXI) \nTED (CONTIN", "sentiment": "He pulls the arm out of power and snaps the arm from Ted's to hold.  Guy is visible.  Ted is stuck behind a wall.  Guy grabs his biceps.  He spasmodically shakes Ted's hand and bolts into the DIESTE development lab.  Ted looks around but the rest of his country is dead.  The DIESTE team are falling apart.  Ted walks up steps to the lab and grabs the console.  Doctor disembarks.  Guy"}, {"id": 2123, "prefix": "McCROSKY What's a phone? NURSE 1 (holding it to his ear) Here, let me help you.  I think it's the space centre.  Now, let's not get too excited. McCROSKY What? (pause) What? (pulls off his scuba mask and snorkle) What? (gets more alert and grabs a cigarette) I'll be right down! (he hangs up and jumps out of bed) Looks like I picked the wrong time to go senile. ", "truth": "Simon is taking another slug of booze; Elaine enters. \nELAINE Simon! (she spots Oveur slumped on the panel) Captain Oveur! \nElaine pulls him up. \nOVEUR (still gasping) Mets... nine... Phils... three... Cubs... four... \nElaine drops him and turns to Simon. \nELAINE Simon, what's happening?! \nSIMON He tried to disconnect ROK.  It gassed him.  That computer is running this ship and we're heading right for the sun. \nELAINE Can't we change course? \nSIMON We're computer locked and the manual navigation unit is down. \nElaine looks at the floor. \nELAINE Then Ted was right! \nZOOM TO: \nCLOSEUP OF ELAINE \nfor her realization. \nBACK TO SCENE \nSIMON My career is shot. \nELAINE Your career!  What about the lives of those people out there.  Simon, what happened to the man I thought I loved? \nShe goes to the door. \nELAINE I've got to get Ted.  Just don't come apart on me now, Simon. \nShe leaves.  Simon's uniform starts bursting at the seams, buttons pop off. \nINT. CABIN \nThe Terrorists stop Elaine.  There's pandemonium in the cabin. \nTERRORIST 1 This is flight to Miami, yes? \nELAINE No. \nElaine addresses the PASSENGERS. \nELAINE (to passengers) Please, ladies and gentlemen, please calm down.  Listen to me! \nThey calm down. \nELAINE We've been thrown off course just a tad. \nPASSENGER What's that mean? \nELAINE In space terms, about 70 million miles. \nThe Passengers appear interested and sensible, nod their heads. \nELAINE The bumps you feel are car-sized asteroids smashing into the hull. \nThe hood of a car smashes through the cabin wall.  The Passengers still appear interested and sensible. \nELAINE Also, we're heading right for the sun and can't seem to change course. \nPassengers still appear interested and sensible.  They all put on sunglasses. \nPASSENGER Are you telling us everything? \nELAINE Not exactly.  We're also out of coffee. \nThe Passengers errupt in total panic. \nANGLE ON RED FLASHING \"DON'T PANIC\" SIGN \nIt sparks, smokes, overheats and EXPLODES. \nANGLE ON RED FLASHING \"OKAY, PANIC\" SIGN \nThe passengers go insane. \nANGLE ON FATHER O'FLANAGAN AND MRS. GOOCH \nO'FLANAGAN Pray with me, my children.  Pray. \nMRS. GOOCH But Father, I'm not Catholic. \nO'FLANAGAN Then worship the god of your choice. \nMrs. Gooch pulls out a fertility idol with a huge, erect penis. \nANGLE ON BOB AND MARY-JANE SMITH \nBOB I've always loved you, darling.  I was unfaithful just once.  Remember Jill, my first secretary?  Forgive me. \nMARY-JANE I knew all about it.  I was unfaithful once, too. \nBOB That's all behind us now. \nMARY-JANE Remember Harriet, your first receptionist? \n", "random": "He stands up and watches the space front. \nSCENES \nI/E. SPACE COUNCIL CORRIDOR \nSCHOOL \nINT. SPACE COUNCIL CORRIDOR \nDay - LATER \nThe classroom is empty, except for the headboard and a few desks. \nINT. SPACE COUNCIL CORRIDOR \nIn the corner, we see the main office. \nINT.", "sentiment": "INT. SECOND FLOOR BATHROOM - NIGHT \nLovers are changing their clothes and drinking. \nINT. SECOND FLOOR BATHROOM - NIGHT \nLovers are changing their clothes and drinking. \nINT. SECOND FLOOR BATHROOM - NIGHT \nLovers are changing their clothes and drinking. \nINT. SECOND FLOOR BATHROOM - NIGHT \n2ND FLOOR B"}]