[{"id": 1755, "prefix": "CHRIS Get out. She jumps at the chance-- ripping clothes out of closets. SARAH You think you're a cowboy cause you rodeo? You're no cowboy. You're just a lousy ranch-hand and a shitty fuckin lay! ", "truth": "18   LATER                                                       18 \nTV plays across Chris' drunken face. He lays on the sofa, a beer on his chest. JEFF is sprawled in a chair. \nJEFF Some people ain't worth fighting for. \nCHRIS But she was right... \nJEFF (closing his eyes) A job is a job. At least we're outside. \nChris is bleary, lost and drifting to sleep. The images on the TV don't immediately register but-- \nNEWS FOOTAGE of the WORLD TRADE CENTER BOMBING (1993) plays on TV. An explosion has demolished the garage. \nNEWS ANCHOR (OS) --group of radical militants called Al- Qaeda are taking credit for a bombing that left six dead and hundreds injured-- \nAmerican flags at half mast. His chest rises and falls-- \nCHRIS Jeff, wake up. Look at this-- \nThe faces of INNOCENT VICTIMS play across the screen. Chris' injured hand slowly curls into a fist. \nCHRIS Look what they did... \n19   INT. NAVY RECRUITING OFFICE                                19 \nPosters of destroyers on walls. The NAVY RECRUITER is lean and shrewd. \nCHRIS I saw what they did, on our soil, and-- \nNAVY RECRUITER And you're from Texas and you're a patriot so it pissed you off. \nCHRIS Yes, sir. But I can't see myself on a ship. I'd wanna be in the fight-- \nNAVY RECRUITER You wanna fight? Meet the warrior elite. \nHe slides him a brochure-- \"NAVY SEALS\" emerge from the water, armed and bound for glory. \nCHRIS KYLE SEALs? \nNAVY RECRUITER Sea, Air and Land. \nCHRIS I ain't much of a swimmer-- \nNAVY RECRUITER (taking brochure back) This isn't for the faint of heart. Most men wash-out. They quit-- \nCHRIS (cutting him off) I'm not most men, sir. I don't quit. \n20   OMITTED                                                     20 \n21   OMITTED                                                     21 \n22   EXT. NAVAL SPECIAL WARFARE CENTER / \"THE GRINDER\" - DAY     22 \nCHRIS and 50 OTHER CANDIDATES lay on their backs doing flutter-kicks on a patch of blacktop surrounded by beige buildings. INSTRUCTORS wield hoses. \nINSTRUCTOR ROLLE (sprays Chris in the face) You a quitter, boy? \nCHRIS KYLE No, sir! \nINSTRUCTOR ROLLE Bullshit, you are fleet-meat. Don't turn away. Look up and take it. You're old as fuck. Did you join the Navy cause you had such a good time on Noah's Arc? How old are you? \nCHRIS 30, sir. \nINSTRUCTOR ROLLE 30! You fart dust and could've fathered half these boys. You think cause you had a pop-gun back in Texas you're cut out to be a SEAL? \nCHRIS No, sir. \nINSTRUCTOR ROLLE No, you're not cut out to be one? \nChris is twisted in agony and clearly dislikes the water. \nINSTRUCTOR ROLLE What kind of asshole joins the Navy but hates the water. \nCHRIS I love water, hooyah. \nINSTRUCTOR ROLLE My ass you do. \nA CANDIDATE chokes a giggle. Rolle wheels around on-- \nRYAN JOB(24), a goofy, overweight Oregon kid who looks like he should be taking orders at a drive-thru window. \nINSTRUCTOR ROLLE Is that you giggling you fat fuck? Look at you. You're so fat they had to baptize you at Sea World. Your momma fat too? \nRYAN No sir, she's not. \nINSTRUCTOR ROLLE Don't lie to me! I bet we could use her panties as a parachute. What the fuck are you doing here fatboy? Do your feet get wet when you shower? When's the last time you saw your pecker? You're not a Seal, you're a fuckin Walrus. A big giggling Walrus. \"Biggles\" that's your new name-- \n\"BIGGLES\" is choking, coughing, struggling. ROLLE points to A BRASS BELL mounted on the back of a truck. \nINSTRUCTOR ROLLE --and that's your ticket home. Just drag your jelly-roll ass up and ring it and you'll be headed home to momma Shamu. \nBIGGLES is beaten, legs giving out, ready to quit when-- \nCHRIS (OC) (draws Rolle off Biggles) Two hundred. \nINSTRUCTOR ROLLE (whirls around, hosing) Did I ask you to count? \n", "random": "ACHEL It's sickening. \nRACHEL I'm going to a Dairy Queen. \nMARVIN I have a hand up. \nARIA I'm done for. \nRACHEL I'm not. \nMARVIN I wanna go. \nARIA You gotta go. \nMARVIN I want you back. \nARIA You got it. \nARIA Hey. \nARIA Get out of here", "sentiment": "he grabs a gun and shoots him. He falls to the floor. \nShe grabs a gun and shoots him. He falls to the floor. \nShe grabs a gun and shoots him. He falls to the floor. \nShe grabs a gun and shoots him. He falls to the floor. \nShe grabs a gun and shoots him. He falls to the floor. \nShe grabs a gun and shoots him. He falls to the floor. \nShe grabs a"}, {"id": 1756, "prefix": "TAYA (end of her rope) Will a drink make you 6 inches taller and charming? Will it make you not married? DAPPER NAVY GUY I'm not-- TAYA I watched you take your ring off. Don't be a scumbag. Go home. ", "truth": "CHRIS It could be the leather pants. \nTAYA Yeah? What kind of pants does a girl have to wear to be left alone? \nCHRIS Corduroy. \nShe takes him in. Loose sweatshirt, no hair gel. \nTAYA Is that how it is with you guys-- suddenly single after three beers? \nCHRIS Only thing that happens to me after three beers is a fourth. \nTAYA That's great. A real red-neck. \nCHRIS I'm no redneck, I'm a Texan. \nTAYA What's the difference? \nCHRIS We ride horses, they ride their cousins. \nTAYA (almost laughs) What do you do for work? You look like military. \nCHRIS I polish dolphins. They have to be polished in captivity or their skin disintegrates. \nTAYA Do I look stupid to you? \nCHRIS To be honest, you look a little sad. \nShe's taken aback by his observation. \nCHRIS So am I tall enough to buy you a drink? \nTAYA Not until you tell me what you do. \nCHRIS How about this: one shot, one answer. \nChris passes her a shot. She throws it back, fierce. \nTAYA You're obviously military. What branch? \nCHRIS I'm just finishing BUD/S. \nTAYA Are you kidding me? You're a SEAL? \nCHRIS That was two questions... \nTAYA (two angry shots) I know all about you guys. My sister was engaged to a SEAL. \nCHRIS What's that mean you know all about us? \nTAYA You're a bunch of arrogant, self-centered pricks who think you can lie and do whatever the fuck you want. (pushes him a shot) I'd never date a SEAL. \nCHRIS (confused) How can you say we're self-centered? I'd lay down my life for my country. \nTAYA Why? \nCHRIS Cause it's the greatest country on earth and I believe it's worth protecting. (climbs off stool) I'm sorry this guy hurt your sister but that's not me. Nice talking to you. \nTAYA Where are you going? \nCHRIS You said you'd never date a SEAL, so I'm going home. \nTAYA I said I'd never marry one. \nIt's a lie and they both know it. \nCHRIS Well in that case... what's your name? \nTAYA Taya. \nCHRIS Nice to meet you, Taya. I'm Chris Kyle. \nTAYA (liquor softening her) Pretty egotistical of you to think you can protect us all, isn't it Chris? \nCHRIS Our instructors say our biggest enemies are ego, liquor, and women. \nTAYA Sounds like you're under attack. \nShe levels a look and downs another shot-- \n30   EXT. MULRONEY'S BAR, PARKING LOT - LATER                    30 \nMist rolls in. Chris holds Taya's hair as she pukes. She takes a deep breath, wipes her mouth-- \nTAYA --I'm not going home with you so don't even think about it. \nShe smiles, then turns to puke again-- \n31   EXT. RANGE - \"SNIPER SCHOOL\" - CAMP BILLY MACHEN - DAY      31 \nAn arid range with human-shaped targets. PETTY OFFICER TOSH (Irish/Japanese, nasty) walks past prone students. \nPO TOSH Feel breath filling every cell of your body. This is our ritual. We master our breath, we master our mind--- \nFIND CHRIS on .300 Win-Mag. Both eyes open. Dip packed. Deep breaths. His finger taking up the trigger-slack. \nPO TOSH --pulling the trigger will become an unconscious effort. You will be aware of it but not directing it. And as you exhale, find your natural respiratory pause and the space between heart-beats. \n", "random": "\n\nDAS RODRIGUEZ (CONT'D) I'm not SUDDEN. I'm mean. The city of Atlanta is filled with family and friends. But I'm not a scumbag, so I'm just a friend of the woman who cut me off. \n\nDASHTOWN HALL (CONT'D) I'm not a scumbag, but I'm a good friend of the woman who cut me off. \n\nD", "sentiment": "\nDRIVING\nORANGE FIRE. \nMULDER's attacks. \nROOMY GHOST.  ALST of her dead friend in bed, staring into night. He's BEING DEAD\nA MELTON, who looks back, shaken. His face looks dead. TAYA That's a pretty good one, don't give me those rings. It's gonna be quits. I'm totally dead. It's good. \nMILTON D"}, {"id": 1757, "prefix": "CHRIS Who will know we've spoken? SHEIK AL-OBEIDI/FATHER Your enemy is mine enemy. We share this. You understand? Chris studies the women, and lowers his gun. ", "truth": "TIME CUT - LATER \nChris and Gillespie sit with \"SHEIK AL-OBEIDI\" while the kid (\"OMAR\") plays with his father's hair. \nSHEIKH AL-OBEIDI If we talk to US soldiers he will come to our home and make examples of us-- \nCHRIS Who is he? I need a name. \nThe Marine Interpreter aka \"TERP\" (20s, in mismatched camo, face bandanna) repeats the question. \nSHEIKH AL-OBEIDI The man who comes we call The Butcher. He is the despaired one, son of Shaytan-- \nSheik mumbles in Arabic, fearing the words on his tongue. \nTERP He calls him - the pure flame of fire- . Basically, this man comes to their house and prey on the weak with hurt. \nCHRIS So he's some kind of enforcer? \nSHEIKH AL-OBEIDI Enforcer. Yes. Top soldier of Zarqawi. \nCHRIS (jumps) We want Zarqawi. Where do we find Zarqawi? \nOMAR CACKLES like a crow, playing peeking games. \nSHEIKH AL-OBEIDI If you find The Butcher you will see he reports direct to Zarqawi each day. \nAn F-18 rips overhead. RADIO CHATTER. THOMPSON steps out-- \nCHRIS How do we find him? \nSHEIKH AL-OBEIDI You must understand the risk to us. \nTERP He will ask for money. \nSHEIKH AL-OBEIDI We need one hundred thousand US dollars. \nTHE BOOM of distant ordinance shakes the structure. \nCHRIS We don't even have proof this guy exists. \nThe Sheik grabs his wife, pulls her arm from her robe-- her hand has been hacked off, the stump healing. \nSHEIKH AL-OBEIDI Is this not proof? \nCHRIS I'm sorry. I want to help you. I do. But I need names, places, phone numbers-- \nTHOMPSON (rushes in) Hey, we got a Marine unit pinned down in a house just uprange-- \nCHRIS Give me a name, Sheik. Give me something. \nTHOMPSON They're out of ammo. If we don't go now-- \nSheik stonewalling, Chris stands to go, fuck-- \nSHEIKH AL-OBEIDI \"Amir Khalaf Fanus\". This is given name of The Butcher. But to help you find him-- \nSheikh Obeidi SWEEPS A HAND across his open palm, pay me. \nTRANSITION TO: \nChris sweeps a hand across his open palm, pay me. We are-- \n65   INT. DIA TRAILER, CAMP FALLUJAH - DAY                      65 \nCHRIS and MARC LEE sit in front of AGENT SHEAD, of the Defense Intelligence Agency. A game of solitaire open on his computer. CORNHUSKER football posters on his wall. \nAGENT SHEAD I guess that translates to \"pay me\" in just about any language, doesn't it? \nCHRIS Yes sir, it does. \nMARC LEE And you're the secret squirrel with the cash, right? \nAGENT SHEAD (not amused) When you were having tea with Sheik al- Obedie did he tell you he ran a network of highway bandits before AQI moved in? \nCHRIS KYLE He left that part out. \nAGENT SHEAD That's AQI's racket now. Your Sheik got edged out. This could be blowback. \nCHRIS Or he could be upset The Butcher cut off his wife's hand. Either way, seems like you'd wanna explore it. \nShead would rather not enter into this with them but-- he slides a white-board to reveal an AQI HIERARCHY. \nAGENT SHEAD This is your guy here. (points to photo directly under Zarqawi) We believe The Butcher is Zarqawi's number two man. \nTHE BUTCHER is a squat, rawboned man with eyebrows forming a grizzled line over dark bloodshot eyes. \nCHRIS But you don't know his real name or you'd have it written up there. \nAGENT SHEAD We have several aliases-- (picks up phone, dialing) If \"Fanus\" is legit we go see the Sheik. \nMARC LEE He's asking for 100,000. \nAGENT SHEAD If he delivers the Butcher he'll get it. (into phone) This is Agent Shead, DIA, I need a name check on \"Amir Khalaf Fanus.\" I'll wait. \nHe kicks his feet up, like he runs the war. \nCHRIS If we're going back out, TEAM 3 could pull security-- \n", "random": "HRIS Who did you kill? \nCHRIS HAD ANOTHER GUN, HIS VOICE STUNNING IN THE MACHINES, HEARING THE SAME SINGLE CHUNG. \nCHRIS You're saying we must be together? \nCHRIS We must be together because of you. \nCHRIS It's not your fault, I'm sure you've heard it. \nCHRIS I don't know what you think of me.", "sentiment": "HRIS (CONT'D) (CONT'D) You know I'm in an incredible situation. Can't we just get together? \nCHRIS \nCHRIS, you know I'm in an amazing situation. Can't we just get together? \nCHRIS (CONT'D) (CONT'D) You know I'm in an extraordinary situation. Can't we just get together? \nCHRIS is looking down at her. CHES, I love you"}]