[{"id": 90, "prefix": "FRANK (smiling; happy) Is that right. 76   INT. FRANK'S TEANECK HOUSE - LATER - DAY                           76 The wonderful noise continues downstairs as Frank leads his mother on a tour of the upstairs. The place is a showroom of traditional Americana. ", "truth": "Mrs. Lucas is   in awe of the splendor of the bedroom and its furnishings.    It's unlike anything she's used ever seen - not Graceland   exactly - but not far off. Her eyes settle on an old vanity   dotted with French perfume bottles. \nMRS. LUCAS How did you ... \nFRANK I had it made. From memory. MRS. LUCAS You were five when they took it away. How could you remember it? \nFRANK I remember. \nShe's stunned. Touches the reproduction of the vanity her son last saw more than thirty years ago. \nMRS. LUCAS It's perfect. (looks at the room) It's all perfect. (she looks at him) I'm so proud of you. \n77   EXT. HUDSON RIVER - DAY                                       77 \nThe Statue of Liberty against the New York skyline. \nFRANK V/O The man I worked for ran one of the biggest companies in New York City for almost fifty years. \n78   EXT. HARLEM - DAY                                             78 \nAs Frank leads his brothers down the sidewalk, the Towncar that was parked at the Teaneck house, driven by Frank's body- guard, Doc, follows alongside at the same pace they walk. \nFRANK I was with him every day for fifteen of them, looking after him, taking care of things, protecting him, learning from him. \nThe brothers can't help but notice the storekeepers who wave to Frank, the women who smile, the men who step out of his path like there's a red carpet under his polished shoes. \nFRANK Bumpy was rich, but never white   man rich. Why? Because he didn't own the    company. He thought he did. He didn't.     He only managed it. Someone else owned    it. So they owned him. \n79   INT/EXT. REDTOP'S APARTMENT BUILDING - HARLEM - DAY           79 Frank leads his brothers up the stairs and down the hall. \nFRANK Nobody owns me. Because I own my company. \nINTERCUT: Feminine hands stamp small packets of blue cellophane with the words `Blue Magic' - \nFRANK And my company sells a product that's better than the competition's at a price that's lower. \nFrank stops outside an apartment door. \nTEDDY What are we selling, Frank? \n(CONT) \n79   CONTINUED:                                                        79 \nFrank pushes the door open, revealing - \n80   INT. REDTOP'S APARTMENT - CONTINUOUS - DAY                        80 \nFive naked women at work tables, their faces veiled by surgical masks, cutting heroin with lactose and quinine in a precise mixture of controlled purity. The Lucas brothers stare as the supervisor of the activity - clothed, with red hair - comes over. \nREDTOP Hi, Frank. \nFRANK Honey, these are my brothers. \n81   EXT. HARLEM - LATER - DAY                                         81 \nTango strolls down the street like he's the Godfather of Harlem, girl on his arm, bodyguard at his side. \n82   INT. DINER - SAME TIME                                            82 \nAs his brothers eat lunch, Frank - who can see Tango outside - uncaps a glass sugar container. \nFRANK What matters in business is honesty, integrity, hard work, loyalty, and never forgetting where you came from. \nFor reasons his brothers can't imagine, Frank empties all sugar from the container onto his plate. FRANK You are what you are and that's one of two things. You're nothing ... or you're something. Understand what I'm saying? \nThe brothers nod tentatively, stare at the now-empty glass container. Frank wipes his mouth with a napkin, gets up. \nFRANK I'll be right back. \n83   EXT/INT. DINER - MOMENTS LATER                                    83 \nHe comes out of the diner, crosses the street toward Tango, who's buying fruit. Greets him cheerfully - \nFRANK Hey, Tango, what's up.    I was just thinking about you. (MORE) (CONT) \n83   CONTINUED:                                                       83 FRANK (CONT'D) I was looking at the jar and you know what? I didn't    see nothing in it. \nTANGO The fuck you want, Frank - \nBefore the last word is out of Tango's mouth, Frank's got a gun pressed against his forehead. Silence. Everyone backs away - the bodyguard, too. Tango's girl pulls her arm from his and takes off. Eventually - \nTANGO What're you going to do, boy? Shoot me in broad daylight? In front of everyone? \nIt's as if life on the street has stopped. No one moves; everyone is looking at Frank; maybe that's what he wants. As Tango laughs at the thought - \nFRANK Yeah, that's right. \nFrank pulls the trigger and the big man falls back like someone hit with a board. Frank stands over him and empties the gun in his chest, the shots echoing down the street. \nThen it's quiet again. Everyone's still looking him, but Frank doesn't run. Instead, he calmly reaches into Tango's suit pocket, takes out a money clip thick with cash, drops it in the \"jar\" and sets it next to the body. \nFRANK For the cops. Should be enough. \nFrank returns to the diner and sits back down, ignoring the astonished stares from his brothers and everyone else in the place. Tries to remember where he was in his lecture as he tucks the napkin back in his shirt collar. \n", "random": "Frank, wife and daughter.        I'll never forget the sight of the glass doors of the house. The music runs on for three minutes.                                                                 ", "sentiment": "Frank sits, smiles.   INT. FRANK'S TEANECK HOUSE - LATER - DAY                                                                              "}, {"id": 91, "prefix": "256 - 263 OMIT                                             256 - 263 OMIT 264     EXT. HUDSON RIVER - MORNING                                      264 The Statue of Liberty in morning light and mist rises from the waters of the Hudson River. A265    INT. NARCOTICS SQUAD HQ - NEWARK - MORNING                      A265 ", "truth": "SPEARMAN Said he'll only talk to you. \nB265    INT. NARCOTICS SQUAD HQ - NEWARK - LATER - MORNING              B265 \nTrupo's attitude has completely changed from the first time they met. He talks to Richie now like a fellow conspirator - \n(CONT) \nB265   CONTINUED:                                                     B265 \nTRUPO From what I hear, it was the Corsicans. The French Connection, Fernando Rey, the exporters Frank has put out of business. Now, I can take care of him in New York, but I don't want to have to worry every time he drives across the bridge to Jersey someone's gonna take another shot at him. \nRichie gives nothing away even as it stuns him that Trupo would speak to him this blatantly. \nTRUPO We need to start working together. We need to step up our efforts. Next time their aim could be better. We need to keep this cash cow alive. \nJimmy Racine comes in - sees Trupo - and leaves - but not before Trupo has seen him. And now he sees the Lucas Table of Organization he didn't notice when he came in. Gets up and walks over to it now and takes a closer look. Sees Frank's picture at the top, like Enemy Number 1. \nTRUPO Jesus. What the fuck you doing here? You actually going to arrest Frank Lucas? What's the matter with you? \nRICHIE I'm crazy. Can't you tell that? I'm crazy enough to shoot someone and make it look like an accident next time he comes over the bridge without my permission. Get the fuck out of New Jersey. \nThey regard each other a moment before Trupo turns to leave. \nC265   INT. FRANK'S PENTHOUSE - DAY                                   C265 \nA large TV shows chaotic scenes in Saigon. The US is pulling out of Vietnam. Tosca has come to see how Frank is recovering, and finds him, agitated, too long in bed even though it's only been a day, changing into a nice shirt, putting on his shoes - \nFRANK \"I can guarantee you peace of mind,\" you said. Do I look like a man with peace of mind to you? They shot at my wife. Who does that? (MORE) (CONT) \nC265   CONTINUED:                                                      C265 FRANK (CONT'D) Who was it, which one of your people? I'll take that gun away and shove it up their ass. \nTOSCA I don't know that it was any of them, Frank. Neither do you. \nFRANK Then maybe I'll kill them all just to make a fuckin point. \nTosca seems more philosophical about it - like Bumpy might have been - but it wasn't him who was shot at. \nTOSCA You want to know who it was? I can tell you. It was a junkie. Or a rival. Or some dumb ass kid trying to make a name for himself. Or someone you forgot to pay off. Or slighted without realizing it. Or someone you put out of business by being too successful. (pause) Success has a lot of enemies. Your success is who took a shot at you. How you gonna kill it? By being unsuccessful? You can be successful and have enemies, or unsuccessful and have friends. It's the choice we make. \n265    INT. MASSAGE ROOM - SOUL BROTHERS BAR - NIGHT                    265 \nA call has interrupted Nate's massage (and later activities) with a bevy of Thai girls. He wraps himself in a robe, takes the phone. \nNATE Hello? \n266    INT. REGENCY HOTEL - SAME TIME - DAY                             266 \nFrank on a pay phone in a comfortable alcove with a stack of quarters. Other guests are gathered around a TV in the lounge that shows images of helicopters plucking diplomats off the roof of the American Embassy in Saigon. \nFRANK I'm watching the news.     Where the hell's everyone going? \nNATE Home.    The war's over. \n(CONT) \n266   CONTINUED:                                                       266 \nFRANK Just like that? We're going to leave the fuckin country to the communists? \nNATE We been here since 1961, Frank. \nFRANK I haven't! \nHARD CUT TO: \n267   EXT. JUNGLE - DAY                                                267 \nFrank and Nate and their \"army\" of black servicemen and Thai thugs wind through the jungle with pack mules. \n268   INT. BAMBOO DWELLING - OPIUM FARM - DAY                          268 \nThe same farm and hut as before. Frank and the Chinese General sip tea. The four million dollars in cash Frank brought sits on the table. \nGENERAL Opium plants are hearty enough to outlive any war. They'll still be here long after the troops are gone. But what are you going to do for transportation when the last US plane goes home? \nFRANK I'll figure something out.      You'll see me again. The General seems fond of Frank, and not only because of all the money on the table. \nGENERAL It's not in my best interest to say this, Frank ... but quitting while you're ahead is not the same as quitting. \nFRANK That's what my wife thinks. \nGENERAL But you don't think she's right. \nFrank doesn't say. \n269    EXT. OPIUM FARM - DAY                                           269 \nMules are loaded up with burlap bags containing 3,000 kilos of heroin. \nA270   EXT. OPIUM FARM / JUNGLE - DAY                                 A270 \nThe mule train approaches the jungle that surrounds the opium farm. Nate's Thai thugs, left behind in sniper positions in the trees, stand ready to open fire if they have to as Frank, Nate, the soldiers and mules pass below. \nB270   EXT. JUNGLE - LATER - DAY                                      B270 \n", "random": "   INT. DEVIL COMPANY'S WATER - MORNING                                                                                  ", "sentiment": "  INT. CUT - DAY                                                                                           "}, {"id": 92, "prefix": "FRANK Oh, I remember them all.   That's not the problem. RICHIE What is? FRANK The jail's aren't big enough. ", "truth": "Surveillance photographs of cops seen earlier taking envelopes of money on 116th Street and other drops go up on a new, elaborate Table of Organization - of cops. \n345   INT. NARCOTICS SQUAD HQ - NEWARK - DAY                         345 \nRichie dismantles the Lucas Table of Organization here, taking down the photographs. As it collapses - \n346   INT. COUNTY JAIL CELL - CONTINUED                              346 \nFrank puts up photographs of detectives - \n347   QUICK CUTS of the same detectives, in handcuffs, led through police stations past other cops watching with dread like maybe they're next - \nA surveillance photograph of the four Princes of the City striding down a sidewalk goes up on the cell wall - \n348   FLASHCUT as three of the four SIU cops are led away in cuffs from a golf course - 349   A surveillance photograph of Trupo in a black hand -           349 \nFRANK You go up here. Your \"special.\" \nAs Frank tapes the picture of Trupo at the top of the pyramid of corruption - \n350   INT/EXT. TRUPO'S GARAGE - MORNING                              350 \nTrupo, coffee in hand, comes into his garage from his kitchen. Opens the garage door and sees two squad cars parked outside ... \n351   A TV: A report on the indictments handed down by the    351 Manhattan DA's office against 53 NYPD and SIU detectives - \n352   INT. PRISON CELL - DAY (YEARS LATER)                          352 \nFrank gathers his few personal belongings and puts them in a box. Stands with the box and waits for the cell door to open. The Table of Organization and files are gone. \nLegend:   Frank Lucas was convicted of Conspiracy to Distribute Narcotics and sentenced to 70 years. He served 15 of them. \nLegend:   Federal authorities confiscated over 250 million dollars from him in real estate, equities and cash in US and foreign banks. \n353   INT. NARCOTICS SQUAD HQ - NEWARK - DAY                        353 \nRichie, too, is packing, putting personal items into boxes. \nLegend:   The day after he convicted Frank Lucas and 30 of his Country Boy relatives, Richard Roberts borrowed $400 from his credit union to help pay for a 3-day vacation to the Bahamas. \nRichie, carrying the box, switches off the lights and closes the door behind him on his way out. \nLegend:   Six months later, he quit the Prosecutors Office to become a defense attorney. His first client was Frank Lucas. \n354   EXT. PRISON - DAY (1990)                                      354 \nFrank steps out into sunlight, free but owning nothing but the cardboard box in his arms. Looks out across the parking lot to see if anyone has come to pick him up. Sees Richie by his car, hand raised above his head like a flag. \n355   EXT. 116TH STREET, HARLEM - DAY                               355 \nThe two of them stand outside Richie's car on the same corner Frank shot Tango. Frank looks up at the street signs that used to say 116th Street and 8th Avenue. Now they say 116th Street and Frederick Douglass Boulevard. \nFRANK Frederick Douglass Boulevard? What was wrong with just plain 8th Avenue? \nHe considers the street itself. It too has changed. The corner groceries, as Bumpy prophesied, really are gone now. \n(CONT) \n355   CONTINUED:                                                      355 \nFRANK I used to sit here with Ana in my old car. She hated it. Now I don't even have a car. Or her. \nFrank glances to where his favorite diner used to be, and across the street to where he shot Tango. It isn't a fruit stand any more. \nFRANK Just do what? \nRICHIE What? \nFRANK The fuck is that? Just do what? \nIt's a Nike store with huge paintings of Michael Jordan and the admonition \"Just Do It.\" \nRICHIE Sneakers.   Expensive ones. \nFRANK Who the fuck would buy those? \nA car equipped with sub-woofer bass comes booming past. Frank stares at it with the same pained look Bumpy had at the discount emporium. \nRICHIE Your brothers know you're out? FRANK I haven't talked to them in years. It's better that way. For them. I don't know where they are. Went back to Greensboro when they got out, I guess. \nRichie nods.    Frank looks back at the new storefronts. \nFRANK What am I going to do now, be a janitor? What do I know how to do? How am I going to live? \nRICHIE I told you I wouldn't let you starve. \nFRANK You told me but you can barely take care of yourself. (MORE) (CONT) \n355   CONTINUED:                                                      355 FRANK (CONT'D) (glances to a pay phone on the corner) You know, one phone call, Richie, I could be back in business. \nThe look Richie gives him calmly assures Frank if he did that it'd be the last phone he made outside prison - ever. \nFRANK I won't.   I'm just saying I could. \nHe buttons the cuffs of the fake Members Only windbreaker Richie bought him off the street. \n", "random": " I'll take them all.    I'll hear from them all.   They'll be out of here.    I'll give them a call.    You'll find me. \nINT. HALLWAY - NIGHT - NIGHT                                             ", "sentiment": " I'm not sure.   I'm not sure if I'm going to be able to get out.   I'm not sure if I'm going to be able to get out.   I'm not sure if I'm going to be able to get out.   I'm not sure if I'm going to be able to get out.   I'm not sure if I'm going to be able to get out.   I'm not sure if I'm"}]