[{"id": 2820, "prefix": "SYDNEY (into phone) Richard...Richard, it wasn't funny. I acted like a college freshman at a protest rally. BETH Tell him the part about walking out the wrong door. SYDNEY Oh God, I forgot about that. (back into phone) No, Richard...Richard, I don't want to hear your Andrew Shepherd imitation... ", "truth": "SYDNEY I'm hanging up now, Richard... Tonight? I was gonna go to bed early and wake up when there's a new president. \nShe hangs up. \nSYDNEY (continuing) The President must think I'm a third- rate jerk. \nBETH If he thinks you're a jerk, I'm sure he thinks you're a first-rate jerk. \nSYDNEY I'll tell you one thing, boy. I regrouped, you gotta gimme that. I pulled it together at the end. I stood in the middle of the Oval Office and I made it very clear that from now on, he who doesn't take the GDC seriously does so at his peril! \nBETH And then you walked out the wrong door. \nSYDNEY Are you gonna be throwing that back at me the rest of my life? \nBETH That's my current plan, yes. \nThe TELEPHONE RINGS... \nSYDNEY That's gonna be Leo Solomon. He said he'd call at nine. \nSYDNEY picks up the phone-- \nSYDNEY (continuing; into phone) Hello? \nSHEPHERD Uh, hi, is this Sydney? \nSYDNEY doesn't recognize the voice-- \nSYDNEY (into phone) Leo? \nPHONE VOICE No, this is Andrew Shepherd. \nSYDNEY looks at BETH and rolls her eyes, then explains to her-- \nSYDNEY Andrew Shepherd. (back in the phone) You're hilarious, Richard. You're a regular riot. \nAnd we CROSS-CUT between SYDNEY and SHEPHERD. \nSHEPHERD Uhh...this isn't Richard, it's Andrew Shepherd. \nSYDNEY Oh, really. Well, I'm so glad you called, because I forgot to tell you today what a nice ass you have. I'm also impressed that you were able to get my phone number, considering I don't have a phone. Good night, Richard. \nSYDNEY hangs up the phone. \nINT. SHEPHERD'S PRIVATE OFFICE/THE RESIDENCE - NIGHT \nas SHEPHERD, undaunted, dials the number again. \nSHEPHERD (under his breath) This used to be easier. \nCUT TO: \nINT. BETH'S APARTMENT - NIGHT \nas the PHONE RINGS. \nSYDNEY I don't believe this. \nBETH You want me to deal with him? \nSYDNEY No way. I may choke in front of Shepherd, but Richard Reynolds I can handle. \nShe picks up the phone. \nSYDNEY (continuing) Hello? \nAnd we begin CROSS-CUTTING again between the two. \nSHEPHERD Sydney? \nSYDNEY Are you learning-impaired?! \nSHEPHERD Listen, do me a favor. Hang up the phone. \nSYDNEY (beat) What? \nSHEPHERD Hang up the phone. Then dial 456-1414. When you get the White House operator, give her your name and tell her you want to speak to the President. \nSHEPHERD hangs up. \nCUT TO: \nINT. BETH'S APARTMENT - NIGHT \nSYDNEY's still holding the phone and seems a little confused...an emotion which is about to be replaced by horror as the unbelievable into the reality. \nSYDNEY (to herself) This isn't happening to me. \nShe dials. \nBETH What's going on? \nSYDNEY (to herself) It's not possible I did this twice in one day. \nThe OPERATOR answers. \nOPERATOR (filtered) Good evening, the White House. \nSYDNEY swallows. \nOPERATOR (continuing; filtered) Hello? \n", "random": "SWEET BIRTHDAY, THE DAY\nThe news is not good. \nBETH (to Steve) ...you don't know what you're doing in your office. It's been a lot of talking. \nSWEET BIRTHDAY, THE DAY\nThe news is not good. \nSWEET BIRTHDAY, THE DAY\nThe news is not good. \nBETH (to Steve) Well, when you think of the", "sentiment": "(to BETH) You know, I'm not sure I'm a good listener. I don't know what I'm supposed to say to you. \nBETH (to BETH) I don't know what I'm supposed to say to you. I'm not sure I'm a good listener. I don't know what I'm supposed to say to you. \n(to BETH) I don't know what I'm supposed to say to you. \n("}, {"id": 2821, "prefix": "SYDNEY You have a plan? Don't make me wait. You're on a roll. SYDNEY disappears into the BATHROOM/DRESSING ROOM area. SHEPHERD keeps talking as he goes to the bar and makes a couple of drinks. SHEPHERD (speaking up) Okay. You're attracted to me, but the idea of physical intimacy is uncomfortable because you only know me as the President. It's not always gonna be that way, and the reason I know that is because there was a moment last night when you were with me and not the President, and I know what a big step that was for you. So, Sydney, I'm in no rush. Here's my plan: We're gonna slow down. When you're comfortable, that's when it'll happen. ", "truth": "SHEPHERD (continuing) Perhaps I didn't properly explain the fundamentals of the \"Slow Down\" plan. \nSYDNEY You explained it great. \nShe moves closer to him. \nSHEPHERD (pause) Are you nervous? \nSYDNEY No. \nSHEPHERD Good. My nervousness exists on several levels. Number 1 -- and this is in no particular order -- I haven't done this in a pretty long time. Number 2: Any expectations you might have, due to the fact that I'm, you know... \nSYDNEY The most powerful man in the world? \nSHEPHERD Exactly, thank you. Just so you remember that's a political distinction that comes with the office. I mean, if Eisenhower were here instead of me he'd be dead by now. And number three... \nSYDNEY (gently) Andy... \nThey're both standing, facing each other... \nThey gently kiss. They just stay with it until it becomes easier and better and exactly what they want. \nRUMSON (V.O.) Does New Hampshire want traditional American values back in the White House? \nCROWD Yes!! \nCUT TO: \nINT. AN ELKS LODGE - NIGHT \nA crowd of 300 or so is being whipped into a frenzy. Rumson's bringing it home under a campaign banner proclaiming: THE PRIDE IS BACK -- BOB RUMSON. \nRUMSON Does New Hampshire want the pride back? \nThe CROWD goes nuts upon hearing Rumson's signature phrase-- \nCROWD Yeah!!!!!!! \nRUMSON My name is Bob Rumson. And I'm running for President. \nAnd as the CROWD loses its mind, we \nCUT TO: \nEXT. WHITE HOUSE - DAWN \nCUT TO: \nINT. SHEPHERD'S BEDROOM - MORNING \nIt is very early, and SHEPHERD is still asleep. As we PULL BACK, WE REVEAL that he is alone in his bed. The PHONE RINGS. \nSHEPHERD picks it up-- \nSHEPHERD (into phone) Yeah...put him through. (listens) Lewis, it is 5:00 a.m. You gotta get yourself a life, man. (listens) Yeah...all right. \nHe hangs up the phone and looks around the room, only to notice SYDNEY is tiptoeing around in the dim light, trying to quietly dress herself and gather up her things. SHEPHERD watches this odd spectacle for a moment before he says-- \nSHEPHERD (continuing) Sydney? \nSYDNEY turns around. \nSYDNEY Hi. \nSHEPHERD What are you doing? \nSYDNEY I wanted to leave the building before the press corps got here. \nSHEPHERD I have those same thoughts every day of my life. Say, you know Lewis Rothschild, don't you? Well, he's... \nSYDNEY Sure. Boy, Lewis'd go nuts if he knew I'd spent the night. \nThere's a KNOCK on the door. \nSHEPHERD ...on his way up. \nSYDNEY What? \nSHEPHERD Come on in, Lewis. \nLEWIS comes in-- \nLEWIS 'Morning, Mr. President. Hi, Sydney. \nSYDNEY Hi, Lewis. Well, Mr. President, thank you for taking the time to go over those fossil fuel numbers. I'll just get my coat, and be on my way. \nSHEPHERD laughs at SYDNEY's purposely lame try-- \nSHEPHERD (to LEWIS) What's the situation? \nLEWIS They're camped out at every exit. \nSYDNEY Who? Who's camped out? \nLEWIS The press. \nSYDNEY The press is camped out? \nLEWIS You shoulda taken a cab, Sydney. \nSYDNEY They know my car?! \n", "random": "SHEPHERD exits and sits in his seat. \nBOTH SHEPHERD and SHEPHERD stand in the middle of a chair, waiting for a happenstance. \nSHEPHERD (CONT'D) Come on. \nSHEPHERD enters the room and starts to leave. \nSHEPHERD (CONT'D) Hey! Come on. We're gonna slow down. \nSHEPHERD exits his seat.", "sentiment": " TIME is passing towards the door. SHEPHERD's playing catch-up on his engineering interested 3D drawings in the stacks of magazine covers of an entirely different edition of the newspaper. \nSHEPHERD is ever the bird of note. \nSHEPHERD The Friday guy who approaches the office every day now. He's talking about how we can make the desk a office of integrated community morning, or tomorrow morning, or tomorrow afternoon, or tonight. \nSH"}, {"id": 2822, "prefix": "SHEPHERD I don't think the Pep Boys know too many words. SYDNEY I'm gonna get a drink and shake this off. When I come back, I'll have Christmas spirit. SHEPHERD (beat) Okay. ", "truth": "SHEPHERD No, I was...I was thinking about-- nothing. \nSYDNEY I'll be back in a minute. \nShe goes off. \nA.J. Did what I think just happened, just happen? Did the GDC's political director just tell the President and the White House Chief of Staff that there are three votes on the crime bill that can be bought by stickin' the fossil fuel package in a drawer. \nSHEPHERD No, the GDC's political director didn't tell us anything. Sydney Wade told her boyfriend and her boyfriend's best friend that she had a lousy day. \nA.J. It doesn't change the facts, Mr. President. If Sydney gets her 24 votes and we're three short, there's some maneuvering to be done. \nSHEPHERD I made a promise, A.J. \nA.J. You made a deal, Mr. President. \nSHEPHERD I made it with Sydney. \nA.J. You made it with the GDC. \nSHEPHERD Yeah, well, this is all academic anyway. We're not going to need those votes. \nA.J. If your approval rating drops any more, things are gonna get tight. \nDISSOLVE TO: \nINT. A WASHINGTON WATERING HOLE - NIGHT \nLEWIS sits with a Congressman's aide. \nLEWIS I'm hearing rumors that your boss is wavering on the crime bill. \nAIDE You can't believe rumors, Lewis, you know this town. \nLEWIS That's what I wanted to hear. \nAIDE I'll tell you, though. My boss is starting to waver on the crime bill. \nINT. A POSE WASHINGTON RESTAURANT - DAY \nA lunchtime crowd is doing business over white wine, oysters and cobb salads. SYDNEY, a CONGRESSMAN, and his LEGISLATIVE AIDE are going at it. \nCONGRESSMAN (PENNYBAKER) \nSydney, everybody cares about the environment during a phone survey. On election day, nobody gives a damn. That's, that's why you have a job. \nSYDNEY Congressman Pennybaker, on election day, people give a damn about what I tell them to give a damn about. And that's why I have a job. (offering the bread basket) Did you want another roll? \nCUT TO: \nINT. FOSSIL FUEL WAR ROOM - DAY \nDAVID is on the phone-- \nDAVID (to the INTERNS) She got Pennybaker. \nVOICE All right! Good job! \nDAVID rips off the top sheet of the tote board, which now reads \"5 Votes in 14 Days.\" \nDISSOLVE TO: \nCONGRESSMAN MILLMAN'S OFFICE - DAY \nMILLMAN is walking on a treadmill while LEWIS stands by. \nLEWIS Congressman, it was our understanding that we had your support. \nMILLMAN Hey, look, I like your boy. Always have. But for God's sake, kid, does the woman have to spend the night? \nDISSOLVE TO: \nINT. FOSSIL FUEL WAR ROOM - DAY \nINTERNS photocopying, clipping, stamping, crunching numbers, drinking coffee...DAVID is on an extension, listening to SYDNEY's final pitch over the phone. \nThe tote board reads: \"3 Votes in 5 Days.\" \nSYDNEY (into phone) We've got the full backing of the White House, Katherine. (listens) Yes, at 20 percent. Three more votes and the President sends it to the Hill. (listens) Katie, 10 years from now any cars with an internal combustion engine is gonna be considered a collector's item. Come on board, we'll make your Volvo a classic. \nCUT TO: \nINT. ROOSEVELT ROOM - DAY \nLEWIS and KODAK, each with an AIDE, have been meeting with two CONGRESSMEN and their AIDES. \nLEWIS Congressman, the assault weapons are gone. \nKODAK The bill is priced to move, see. \nCONGRESSMAN The bill isn't the issue, fellas. I'm facing a serious challenge in November, and the President's coattails aren't what they used to be. \nKODAK The President's coattail's are gonna have room for you, Congressman, you leave that to us. \nAIDE We left that to you people, Leon, and the President's in a free-fall. \nKODAK I wouldn't say he's in a free-- \nCONGRESSMAN I just can't give you my vote. \nDISSOLVE TO: \n", "random": "(He leaves) \n-- \nSYDNEY, I'm not going to say anything. \nSHEPHERD (under his breath) \n... \nSHEPHERD's wife, GIVEN A BRIEF DATELINE \nSHEPHERD exits. \nSYDNEY, I'll wait. When I come back, I'll have a drink and shake this off. When I come back, I'll have a drink and", "sentiment": "PROF. WARREN -- DAY 1 -- A BRICKSHIRE REPORT shows the Flint Police Department conducting an internal investigation into the crime scene on the morning of Jan. 7, 2000. The same day, Pepto-St. James, the world's largest drug bazaar, opens. The PEPSFORD police department sends a memo to itself and PROF . . . SHEPHERD sitting at his desk. \nPROF. WARREN is alone in"}]