[{"id": 489, "prefix": "Toby comes in, decked out in plaid and stripes. He has an empty messenger bag. TOBY Hi, Harvey. Do you want these gourmet jelly beans? I gave up sweets for lent. Harvey turns around. He seems down, depressed. ", "truth": "Toby watches Harvey eat a few. \nHARVEY Hey, watermelon. That's pretty good. \nTOBY I recommend the pi\u00f1a coladas. They are excellent and very authentic tasting. \nToby heads down a file row and proceeds to take a few off the shelves, stuffing his bag. Harvey gets up and comes after him. \nHARVEY Hey Toby, can you eat lentils during lent? \nTOBY Sure. I don't see why not. You can't eat meat on certain days, but lentils should be acceptable anytime. \nHARVEY Ya think there's any connection between lentils and lent? \nTOBY I don't think so but I'll ask Sister Mary Fred at church on Sunday. \nHARVEY Sister Mary Fred, huh? Is she cute? Sounds kinda mannish but who am I to be picky. \nTOBY Harvey, you're funny. She's a nun. \nHARVEY So what? Maybe she became a nun because she couldn't get a guy. \nTOBY Harvey, she became a nun because she had a higher calling. \nHARVEY Higher calling. That is such a crock of shit. I don't know why you waste your time prayin' anyway. \nTOBY Well, Harvey, I like the ritual. And I'm a very spiritual person. You know, you should try believing in something bigger than yourself. It might cheer you up. \nToby turns on his heels and walks off. \nHARVEY (calling after him) What? Do I seem depressed, Toby? \nToby doesn't respond. \nHarvey shrugs and digs deep into the jelly bean bag. He pulls out a fistful. \nCLOSE ON HARVEY'S HAND \nJellybeans in every imaginable color. Harvey fingers a few and then picks a blue one. \nBOB THE DIRECTOR (V.O.) Cut! \nCUT TO: \nINT. V.A. HOSPITAL \"SET\" - PRESENT - DAY \nHIGH DEFINITION VIDEO DOCUMENTARY FOOTAGE \nA few items from the previous scene are present on the sound stage indicating that it's a set of AMERICAN SPLENDOR -- The Movie. \nTHE ACTOR HARVEY stands alone, his hand filled with Jelly beans. \nBOB THE DIRECTOR Okay, that was great. The bakery scene is next... \nACTOR HARVEY steps out of the frame, revealing a craft service table behind him. At the table, the REAL HARVEY and the REAL TOBY load up on donuts. The two discuss the food on the set. \nIronically, the Real Toby is actually more extreme than the Actor who plays him -- even more robotic, and completely incapable of eye-contact. \nThe REAL TOBY discusses the finer points of nerdom and evaluates the Actor's nerd quotient. The Real Harvey explains to Actor Toby that nothing -- not even gourmet jelly beans -- would have cheered him up at that point in his life. \nHe was too lonely and depressed. \nEND HIGH DEFINITION VIDEO DOCUMENTARY FOOTAGE \nCUT TO: \nINT. HARVEY'S BEDROOM - 1980'S - MORNING \nLight pours through the curtained window. \n", "random": "\nHELEN You sure? \nHELEN I'm not in a hurry to get sweets. \nHe laughs. \nHELEN (continuing) Come on. I'm starving. \nHe exits. \nHELEN (continuing) Does that mean you're going to give me honey in my milk? I want it for myself. \nHe hangs up. \nHELEN (continuing) Can you give me a good honey?", "sentiment": "\nAvery (to an amusedly amused Hollywood cast member) Okay, I'll just say - it's been a while. He laughs again. \nThe actors laugh and take turns but the three women - Lauren Graham, Rose Gabby Louie- It's not like Billy's been a part of Harvey, now. \nHarvey almost spits up some jelly beans. \nAL VOMITEN\nI'd really love it if you were thinking of selling it. \n"}, {"id": 490, "prefix": "JOYCE I don't care if you wanna hear it or not. You're the poster child for the DSM III. I'll have you know that I come from a very dysfunctional family. I can spot personality disorders a mile away... A KNOCK ON THE DOOR interrupts their argument. Joyce storms away to answer it. ANGLE ON THE DOOR: ", "truth": "TOBY Hello Joyce. Is Harvey home? \nJoyce turns to Harvey and points to Toby. \nJOYCE Borderline autistic! \nThis scene shrinks into a square up in the corner. The next few scenes (NEUROSIS MONTAGE) further divide up the full screen like a comic book. \nINT. CLEVELAND COMIC BOOK STORE - 1980'S - DAY \nR. CRUMB leaps from behind an autograph table (where he's signing comics) to hop on the back of ZAFTIG BABE, who offers him a piggy-back ride. \nJoyce turns to Harvey. \nJOYCE Polymorphously Perverse. \nCUT TO: \nEXT. PARKING LOT - V.A. HOSPITAL - 1980'S - DAY \nJOYCE picks up Harvey from work. HARVEY enters the car, waving goodbye to the ranting MR. BOATS. \nShe points to Mr. Boats. \nJOYCE Paranoid Personality Disorder. \nINT. HARVEY'S LIVING ROOM - 1980'S - DAY \nTHE TELEPHONE RINGS. A disheveled, tired-looking JOYCE flips through a novel and lets the machine pick up. \nANSWERING MACHINE Please leave a message. (Beep) \nHARVEY (into phone) Hey Joyce, it's me. You're not gonna believe this but some LA producer called an' he wants to do a play about my life. Call me! (Click) \nJoyce flips the page. \nJOYCE (to herself) Delusions of grandeur. \nEND NEUROSIS MONTAGE (return to full screen) \nCUT TO: \nINT. THEATER - 1980'S - EVENING \nHARVEY and JOYCE sit in a packed theater watching a play. \nJoyce looks exhausted. \nANGLE ON STAGE \nA STAGE ACTOR HARVEY and a STAGE ACTOR JOYCE share a couch on the sparse stage. \nSTAGE ACTOR HARVEY See, I think comics can be an art form. With pictures an' words, a guy can do pretty much anything! \nSTAGE ACTOR JOYCE That's true, Harvey. But I didn't come all the way from Delaware to talk about comics ... \nThe \"Stage Actor Joyce\" lunges over and plants a kiss on him. \nANGLE ON HARVEY AND JOYCE IN AUDIENCE \nHarvey digs it but Joyce looks disgusted. \nBACK TO STAGE \nWe now see STAGE ACTOR HARVEY clutching a tea cup, as STAGE ACTOR JOYCE kneels before a toilet bowl. Off to the side of the stage, A SPOT LIGHT illuminates a GUITAR PLAYER, who adds music to the scene. \nCUT TO: \nINT. AIRPORT - 1980'S - DAY \n", "random": "\nINT. THE BEDROOM - DAY \nJoyce and Frank head downstairs to their own room. \nINT. THE BEDROOM - DAY \nThe stage is set for Joyce and Frank to head off to the dance floor. \nThey sit on the floor as Frank watches Joyce and Joyce dance. \nINT. THE BEDROOM - DAY \nThe door to the room opens for Joyce. \nEXT. THE BEDROOM - DAY", "sentiment": "\nEXT. LUCKY WATER - DAY \nThe water is still in a puddle of water. Joyce, who is holding a bottle of water, is trying to clean it up. Joyce is trying to get a drink. \nINT. STREET - DAY \nThe water is still in a puddle of water. Joyce is trying to clean it up. Joyce is trying to get a drink. \nINT. STREET - DAY \nThe water is"}, {"id": 491, "prefix": "REAL HARVEY (V.O.) I guess it was good ta finally see Joyce excited about somethin' of her own. Sure I was happy for her. But I was still upset for me. They stop by the cab. HARVEY This is crazy. Can't ya just do somethin' here in Cleveland? ", "truth": "HARVEY Alright... Be careful. I love you, baby. \nThey kiss. Harvey grudgingly puts her bags in the car. He watches as the cab pulls away. \nREAL HARVEY (V.O.) It was later that night when I first found the lump. \nINT. HARVEY'S BEDROOM - 1980'S - NIGHT \nWearing only his shorts, Harvey lies alone in the communal futon, flipping through a book. He reaches into his underwear to scratch his nuts. \nSuddenly he stops. He feels something odd... \nFor a moment he just freezes. His eyes register panic. \nREAL HARVEY (V.O.) I was determined to put it outta my mind until Joyce got back. Easier said than done. \nCUT TO: \nINT. V.A. HOSPITAL - 1980'S - DAY \nAn enraged HARVEY fights with his co-worker MIGUEL. \nHARVEY What do I care! Just gimme the chart already! \nMIGUEL What is your problem today?! \nHARVEY Look, Miguel! I just don't wanna keep comin' back here for it, okay?! \nMIGUEL Harvey, that patient's due t'be admitted a week from now! Why do you always have to be picking fights with everybody? \nHARVEY (yelling) How many times do we gotta go through the same bullshit. Just gimme the fuckin' chart! \nOffended, Miguel storms off. \nMIGUEL We'll see what the doctor says about this. \nCUT TO: \nINT. HARVEY'S LIVING ROOM - 1980'S - NIGHT \nAlone and slumped over his table, HARVEY draws comic ideas with stick figures. Nothing's coming to him. He looks like he's in anguish. \nFrustrated, Harvey crumbles the idea and throws it on the floor. He knocks over a chair. \nINT. HARVEY'S BEDROOM - 1980'S - DAY \nHe tosses and turns in bed. No way he's sleeping. \nCUT TO: \nINT. HARVEY'S LIVING ROOM - 1980'S - DAY \nHARVEY is yelling into the telephone. It is a bad connection. \nHARVEY (loudly into phone) Whadya mean? Another two weeks? Ya gotta come home some time! Hello? DAMNIT! \nCUT TO: \nINT. BACK STAGE - NBC STUDIOS - 1980'S - DAY \nWithout Joyce, a surly Harvey waits in the wings for his introduction. He sneaks a peek as Letterman finishes up the \"stupid pet tricks\" segment. We hear dogs barking and audience laughter. \nLETTERMAN REGULAR (O.S.) And there you have it, folks! Another enlightening episode of Stupid Pet Tricks! \nREAL HARVEY (V.O.) I was startin' ta lose it. Between the lump, the loneliness -- I felt like everything wuz closin' in on me. And with Joyce over there savin' the world, I never felt more like a sell-out hack in my life. \nLETTERMAN REGULAR (O.S.) Y'know ladies and gentlemen, when Thoreau wrote that most men lead lives of quiet depression, he obviously had not met our first guest, who happens to lead a life of whining desperation... \nHarvey clenches his fists. \n", "random": "I can't be bothered to stay up late. \nHARVEY That's okay. I'm fine. \nI turn. \nHARVEY (smiling) Good. \nI'm not sure what's wrong. \nHARVEY (suddenly realizing) I heard about the first lady. I feel bad for her. \nI turn back to look at Joyce. \nHARVEY (smiling) I could kiss her", "sentiment": "He returns to the car. \nINT. JOYCE'S OFFENSIVE HOUSE - DAY \nThe man in the bathroom looks at Joyce and begins to cry. \nINT. JOYCE'S OFFENSIVE HOUSE - DAY \nThe man in the bathroom is trying to get the couple to sign a lease. Joyce, who is feeling some damage from the fact that her husband has made her a landlord, is trying to force them to sign. \nINT"}]