[{"id": 1917, "prefix": "DREAM SEQUENCE - INT. BEN'S OFFICE - NIGHT Vitti is on the sofa. He's wearing a shiny, silk, short- sleeved shirt with the sleeves turned up, tight, black chino pants and short, black, pointy-toed boots. His hair is oiled and coifed like early Frankie Avalon. VITTI (distraught) I can't deal with this shit. My grades suck, I'm gettin' in fights every day, and if I get suspended again my mother's gonna fuckin' kill me -- if the nuns don't kill me first. BEN is listening to Vitti, but dressed as Sigmund Freud. BEN (nodding) Eins, zwei, drei! VITTI What? VITTI'S MOTHER is sitting next to him. VITTI'S MOTHER (elbows him) Sit up straight! Pay attention when the doctor talks to you. This is costing money. Ben (Freud) has a large TAXI METER TICKING away beside him. VITTI Ma?   What are you doin' here? BEN (FREUD) (snorts some cocaine) Acht gemacht gehunden nicht. VITTI'S MOTHER I tell him the same thing. Suddenly, the WINDOWS are SHATTERED by GUNFIRE. ", "truth": "VITTI leaps to his feet and reaches for his gun, but instead pulls out a long sword. Confused but desperate, he holds up the sword to menace the intruders, but the sword suddenly goes limp. He tries to make the blade stand up, but it just keeps dropping like a piece of soft rope. Patty, Eddie, and the thugs laugh contemptuously at Vitti, while Jelly looks on with an incredible stream of tears pouring from his eyes. END DREAM SEQUENCE. CUT TO: \nINT. GUEST ROOM - NEXT DAY Vitti is back in bed in his robe, still asleep. The door opens and Laura enters with an interior decorator who has fabric samples over her arm. LAURA Now in here, I thought we'd get rid of the wallpaper and maybe put in some wainscoting -- She sees Vitti and quickly steers the decorator back outside. \nLAURA (to decorator) Don't look, don't look. \nShe comes back in, closes the bedroom door and confronts Vitti who is still groggy from his troubling dream. LAURA Do you realize it's almost noon? VITTI Really? Do me a favor, honey -- make me a sandwich. LAURA You want a sandwich? Make it yourself. I'm not afraid of you, Mr. Oh-I'm-A-Great-Big-Mobster Man. I want you out of my house. LAURA (CONT'D) I've had   it with the bathrobe and the skulking   around and the girlfriend who, I'm   sorry, is so obviously faking it's not   even funny. Enough! \nVITTI Coulda had that sandwich made by now. LAURA (tries new tack) Okay. You don't like me and I don't like you. We can at least agree on that, right? VITTI Okay. LAURA I'm going to be honest with you -- I'm a very anxious person -- VITTI Hey!    Me, too. LAURA We have so much in common. Anyway, this is not helping me, it's not helping my marriage, and I know Ben really needs some alone time. So I'm asking you -- as a human being -- could you please leave? (off Vitti's look) Yes, I'll make you a sandwich. \nVITTI Ham, cheese, lettuce, tomato, mayonnaise, no onion. \nCUT TO: EXT. SOBEL FRONT PORCH - LATER Jelly   comes out the front door with Vitti's suitcases as Ben pulls   into the driveway. He gets out of the car holding a small   bag from the drugstore and sees Vitti coming out the front   door. Ben stops him on the porch. \nBEN (concerned) Where are you going? VITTI Where am I going? The orphanage found my real parents. They want me back. (to Jelly) Put those in the car. (to Ben) I'm goin' to Jelly's. Jelly carries the luggage to his car parked in the driveway. \n", "random": "\nVITTI (CONT'D) BEN (dazed) What's that? Ben stares at Vitti, then down at his wrist. VITTI (CONT'D) (interrupts him) Tell him I'm sorry. I just... I'm sorry. I just can't believe what's happened. He turns and looks at Vitti, who turns, then back to Vitti. VITTI (CONT'D) (interrupts him)", "sentiment": "    It is a scene of panic. VITTI (furious) What? BEN (fondled) Zero.    Don't do that to me. I'm a rich man. VITTI (taken) What do you mean? BEN (fondled) Zero. (to Vitti) Fucking fucker. (to Vitti) You're the only one who can do anything. BEN (fondled) I'm the only"}, {"id": 1918, "prefix": "Vitti with the costumer, approving and nixing various wardrobe choices, while Jelly steals an expensive watch in the b.g. Vitti in a massage chair getting a backrub from a masseuse. A PRODUCTION ASSISTANT approaches him. P.A. (PRODUCTION ASSISTANT) They're ready to start shooting, Mr. Vitti. VITTI Yeah, ten minutes, tell 'em. Eddie Devol, Patty LoPresti's guy, watches Vitti from a safe distance. CUT TO: EXT. SHOPPING MALL - DAY Ben comes out of the market carrying several grocery bags and a small prescription bag. Two Mafia SOLDIERS step up beside him and urge him toward a big stretch LIMO IDLING at the curb. SOLDIER Walk this way. BEN There must be some mistake.    I didn't order a limo. SOLDIER Get in the car. CUT TO: INT. KNIGHTS OF PALERMO - LATER Ben enters timorously, still carrying his groceries. Patty LoPresti, Masiello and a couple of other heavyweights are sitting at the table, all except Patti smoking cigars. Ben immediately recognizes their status and grasps the gravity of their mood. BEN (nervous, but trying to keep it light) Hello.   I'm Ben Sobel. And you are -- The Soldier sits Ben down. The other soldier takes his groceries. Ben looks at Patty, trying to gauge her role. ", "truth": "What are you saying? BEN He's got a -- criminal temperament. \nMASIELLO (stares at him) He's a criminal? This is news? And for that you need a doctor degree? So what are you doin' with him? \nBEN Well, I'm trying to at least show him the possibility of change -- PATTY Wrong.   You do not want him to change. Ben looks at her, sensing her command of the group. BEN We haven't really been introduced -- MASIELLO This is Mrs. LoPresti. \nPATTY Patty. BEN Ben Sobel. Ben offers his hand but she ignores it. PATTY Ben, Paul Vitti is important to this family. We don't want to see you turn him into a stromboni. BEN A stromboni? That thing they clean the ice with at hockey games? MASIELLO That's a Zamboni, asshole.   Stromboni. PATTY It's a bull with his balls cut off. She reaches under the table and grabs Ben's balls.    He winces in pain. BEN (squeezed) No, we don't want to do that. \nPATTY Not unless you want to be one, too. \nBEN (in pain) Me? No. I'm very attached to my balls. As you can probably tell. PATTY (lets go) Then do the right thing, understand? \nBEN (greatly relieved) Yes, I understand completely. May I go now? I have perishables -- He takes his groceries and edges away. CUT TO: INT. \"LITTLE CAESAR\" SET - DAY Vitti is sitting at a table with Jelly and some of his main guys. From a distance it looks like they're playing cards. Up close it's a different story. \nVITTI We're gonna need a grapple or a crane with maybe a fifty-foot boom. MO-MO I seen one -- in Bayonne -- but I'll call around. VITTI See what you can come up with.   And we're gonna need a city bus. JELLY I got a guy in the Transit Authority. He owes me. Just let me know when. PATTY (O.S.) Paul!   Hello! Vitti turns to see Patty, Eddie Devol and his men heading across the set. PATTY I guess everybody's gone Hollywood, huh? VITTI How you doin', Patty. \n", "random": "     He puts his hands on her shoulders, reassuring her that it's okay. BEN (calls over) You wait for me. The soldier laughs. BEN (sits at the table) I'm not the soldier.     I'm -- Wait a second.      I'm not the soldier. I'm not the soldier... Room 914. A MAN sits at the table, reading from a magazine. BEN (v.o.) Listen to", "sentiment": "    What really happened? CUT TO: INT. SLEEPING SHOP - LATER BEN (dismissively) I came to find out who the cops are, and I was trying to get them laid. From the inside. BEN You said you didn't order a plane, didn't order a limo, didn't order a plane. Well, I say, take a long drag and listen to me. I'll find out. (CONTINUED)"}, {"id": 1919, "prefix": "EXT. PARKING LOT - CONTINUOUS ACTION Vitti rockets out from between buildings and races through a parking lot toward the river with the Benz on his tail. CUT BACK TO: INT. BEN'S CAR - CONTINUOUS ACTION BEN They're right behind us! (shouts at them) Get away! He starts whipping things out the shattered back window -- a tennis racket, sneakers, an empty Macy's box. CUT TO: INSERT - TENNIS RACKET is crushed under the Mercedes' wheels. CUT BACK TO: INT. BEN'S CAR - CONTINUOUS ACTION Ben picks up the only thing left -- the New York Times.   He starts leafing through it. VITTI What the fuck are you doing? BEN I wanted to save the crossword. VITTI Throw it! Bent throws the paper out the window. ", "truth": "The Times hits the windshield and one double-page sticks, totally OBSCURING the driver's VIEW. \nEXT. PARKING LOT - CONTINUOUS ACTION Vitti throws a 180, SKIDDING to a stop just inches from the river's edge. The Benz, with the newspaper covering the windshield, sails past them and right off the embankment. It seems to hang in the air for a long time, then lands with a big splash and starts to sink almost immediately. \nBEN AND VITTI They jump out of the car and watch the Mercedes disappear under the water. BEN (aghast) You think they'll get out? VITTI Yeah, that's James Bond and the 'Sea Hunt' guy in there, so they got a pretty good shot. They hear POLICE SIRENS APPROACHING. Vitti starts walking away quickly. Ben follows after him. BEN Where're you going? VITTI I gotta take care of something. BEN But your parole officer -- VITTI Send my regrets. BEN I'm warning you. If you leave now -- VITTI So long, Doc. Vitti takes off running, ducking behind the rows of parked cars. \nBEN (calling after him) That's it! I'm finished! You're on your own now, pal! I'm -- POLICE CARS and the FBI CAR SCREECH into the parking lot and surround Ben. BEN (quietly) -- screwed. \nCUT TO: EXT. RIVERBANK - LATER Police divers search for the sunken Mercedes in the middle of the channel. On shore, Ben leans against a government car looking tired and distraught while Chapin berates him. CHAPIN Where is he, Dr. Sobel? BEN I wish I knew. CHAPIN Well, considering that he's in your custody, that's not quite the answer I was looking for. He's got something big in the works. You want to tell me what you know? BEN I don't know anything. As far as I can tell, he's making a real effort to go straight. CHAPIN Yeah, that's why I've got two corpses at the bottom of the river. He reaches through the open car window into his briefcase and pulls out a file of photographs. CHAPIN Here. Vitti with Sal Masiello. Vitti with Patty LoPresti. Vitti with Lou Rigazzi. Let me know -- I can order some wallet size for you. I've got more than enough to put him away again without these. Violation of parole, second-degree murder here. When I really start digging, it'll be amazing \nwhat I come up with. You have twenty- four hours to find him and deliver him to me. Otherwise you're looking at obstruction of justice, and accessory to felony manslaughter. And trust me, Dr. Sobel, if you don't like me now, you really don't want to see me in court. BEN I'm getting that.   Can I go now? \nHe starts for his car. CHAPIN You can't take your car. We're impounding it as evidence. BEN (exasperated) Then can somebody give me a ride home? CHAPIN Yeah, the government runs a limousine service. The number is 1-800-Fuck Off. \nChapin walks away. CUT TO: INT. VITTI'S TRAILER - DAY Vitti is hurriedly collecting his stuff, talking to Jelly and a few of his old gang. VITTI I don't have a lot of time. They're probably gonna come lookin' for me, so we'll go over everything later, okay? JELLY Paul, not that I'm questioning, but what do we want with Eddie DeVol? Guy's a fuckin' scumbag. VITTI Look, I'm not happy about it, but if it keeps Patty off my back, so be it. They're meeting us at the club. Let's head out. (as they all get up) Not all at once. I gotta tell you everything? A PRODUCTION ASSISTANT KNOCKS and sticks her head in the door. \n", "random": "EN (CONT'D) I'm sorry. I'm sorry. CUT TO: INT. BEN'S CAR - CONTINUOUS ACTION Ben bankes in. CUT TO: INT. BEN'S CAR - CONTINUOUS ACTION BEN (CONT'D) I'm sorry. I'm sorry. I can't believe you're still alive. CUT TO: INT. BEN'S CAR - CONTINUOUS ACTION BEN (CONT'D) I'm sorry. I", "sentiment": "UT TO: INT. BEN'S CAR - CONTINUOUS ACTION BEN is driving, the Mercedes in front of him. CUT TO: INT. BEN'S CAR - CONTINUOUS ACTION Ben tries to cut through the traffic. CUT TO: INT. BEN'S CAR - CONTINUOUS ACTION He drives off into the night, the Mercedes in front of him. CUT TO: INT. BEN'S CAR - CONTINUOUS ACTION He pulls over to the side"}]